country,m49_code,year,mtn_area_tot,mtn_area_nival,mtn_area_alpine,mtn_area_montane,mtn_area_remaining
Afghanistan,004,2000,399545,21308,17558,265537,95143
Afghanistan,004,2005,399545,21308,17558,265537,95143
Afghanistan,004,2010,399545,21308,17558,265537,95143
Afghanistan,004,2015,399545,21308,17558,265537,95143
Afghanistan,004,2018,399545,21308,17558,265537,95143
Afghanistan,004,2021,399545,21308,17558,265537,95143
Åland Islands,248,2000,NA,NA,NA,NA,NA
Åland Islands,248,2005,NA,NA,NA,NA,NA
Åland Islands,248,2010,NA,NA,NA,NA,NA
Åland Islands,248,2015,NA,NA,NA,NA,NA
Åland Islands,248,2018,NA,NA,NA,NA,NA
Åland Islands,248,2021,NA,NA,NA,NA,NA
Albania,008,2000,17142,NA,12,16941,189
Albania,008,2005,17138,NA,12,16937,188
Albania,008,2010,16917,NA,12,16709,195
Albania,008,2015,16799,NA,12,16587,199
Albania,008,2018,16768,NA,12,16557,198
Albania,008,2021,16737,NA,12,16527,198
Algeria,012,2000,273874,NA,NA,64139,209735
Algeria,012,2005,273874,NA,NA,64139,209735
Algeria,012,2010,273874,NA,NA,64139,209735
Algeria,012,2015,273874,NA,NA,64139,209735
Algeria,012,2018,273874,NA,NA,64139,209735
Algeria,012,2021,273874,NA,NA,64139,209735
American Samoa,016,2000,34,NA,NA,NA,34
American Samoa,016,2005,34,NA,NA,NA,34
American Samoa,016,2010,34,NA,NA,NA,34
American Samoa,016,2015,34,NA,NA,NA,34
American Samoa,016,2018,34,NA,NA,NA,34
American Samoa,016,2021,34,NA,NA,NA,34
Andorra,020,2000,464,NA,147,318,NA
Andorra,020,2005,464,NA,147,318,NA
Andorra,020,2010,464,NA,147,318,NA
Andorra,020,2015,464,NA,147,318,NA
Andorra,020,2018,464,NA,147,318,NA
Andorra,020,2021,464,NA,147,318,NA
Angola,024,2000,159965,NA,NA,NA,159965
Angola,024,2005,159965,NA,NA,NA,159965
Angola,024,2010,159965,NA,NA,NA,159965
Angola,024,2015,159965,NA,NA,NA,159965
Angola,024,2018,159965,NA,NA,NA,159965
Angola,024,2021,159965,NA,NA,NA,159965
Anguilla,660,2000,NA,NA,NA,NA,NA
Anguilla,660,2005,NA,NA,NA,NA,NA
Anguilla,660,2010,NA,NA,NA,NA,NA
Anguilla,660,2015,NA,NA,NA,NA,NA
Anguilla,660,2018,NA,NA,NA,NA,NA
Anguilla,660,2021,NA,NA,NA,NA,NA
Antigua and Barbuda,028,2000,NA,NA,NA,NA,NA
Antigua and Barbuda,028,2005,NA,NA,NA,NA,NA
Antigua and Barbuda,028,2010,NA,NA,NA,NA,NA
Antigua and Barbuda,028,2015,NA,NA,NA,NA,NA
Antigua and Barbuda,028,2018,NA,NA,NA,NA,NA
Antigua and Barbuda,028,2021,NA,NA,NA,NA,NA
Argentina,032,2000,NA,NA,NA,NA,NA
Argentina,032,2005,NA,NA,NA,NA,NA
Argentina,032,2010,NA,NA,NA,NA,NA
Argentina,032,2015,NA,NA,NA,NA,NA
Argentina,032,2018,NA,NA,NA,NA,NA
Argentina,032,2021,NA,NA,NA,NA,NA
Armenia,051,2000,24551,NA,81,23476,993
Armenia,051,2005,24551,NA,81,23476,993
Armenia,051,2010,24551,NA,81,23476,993
Armenia,051,2015,24551,NA,81,23476,993
Armenia,051,2018,24551,NA,81,23476,993
Armenia,051,2021,24551,NA,81,23476,993
Aruba,533,2000,NA,NA,NA,NA,NA
Aruba,533,2005,NA,NA,NA,NA,NA
Aruba,533,2010,NA,NA,NA,NA,NA
Aruba,533,2015,NA,NA,NA,NA,NA
Aruba,533,2018,NA,NA,NA,NA,NA
Aruba,533,2021,NA,NA,NA,NA,NA
"Ascension, Saint Helena and Tristan da Cunha",654,2000,173,NA,NA,92,82
"Ascension, Saint Helena and Tristan da Cunha",654,2005,173,NA,NA,92,82
"Ascension, Saint Helena and Tristan da Cunha",654,2010,173,NA,NA,92,82
"Ascension, Saint Helena and Tristan da Cunha",654,2015,173,NA,NA,92,82
"Ascension, Saint Helena and Tristan da Cunha",654,2018,173,NA,NA,92,82
"Ascension, Saint Helena and Tristan da Cunha",654,2021,173,NA,NA,92,82
Australia,036,2000,235605,NA,2410,143366,89829
Australia,036,2005,235605,NA,2410,143366,89829
Australia,036,2010,235605,NA,2410,143366,89829
Australia,036,2015,235605,NA,2410,143366,89829
Australia,036,2018,235605,NA,2410,143366,89829
Australia,036,2021,235605,NA,2410,143366,89829
Austria,040,2000,59880,3506,5031,51343,NA
Austria,040,2005,59775,3506,5021,51248,NA
Austria,040,2010,59572,3506,5010,51056,NA
Austria,040,2015,59465,3505,5006,50954,NA
Austria,040,2018,59450,3505,5005,50940,NA
Austria,040,2021,59435,3505,5005,50925,NA
Azerbaijan,031,2000,41671,11,282,39544,1834
Azerbaijan,031,2005,41671,11,282,39544,1834
Azerbaijan,031,2010,41671,11,282,39544,1834
Azerbaijan,031,2015,41671,11,282,39544,1834
Azerbaijan,031,2018,41671,11,282,39544,1834
Azerbaijan,031,2021,41671,11,282,39544,1834
Bahamas,044,2000,NA,NA,NA,NA,NA
Bahamas,044,2005,NA,NA,NA,NA,NA
Bahamas,044,2010,NA,NA,NA,NA,NA
Bahamas,044,2015,NA,NA,NA,NA,NA
Bahamas,044,2018,NA,NA,NA,NA,NA
Bahamas,044,2021,NA,NA,NA,NA,NA
Bahrain,048,2000,NA,NA,NA,NA,NA
Bahrain,048,2005,NA,NA,NA,NA,NA
Bahrain,048,2010,NA,NA,NA,NA,NA
Bahrain,048,2015,NA,NA,NA,NA,NA
Bahrain,048,2018,NA,NA,NA,NA,NA
Bahrain,048,2021,NA,NA,NA,NA,NA
Bangladesh,050,2000,1399,NA,NA,NA,1399
Bangladesh,050,2005,1399,NA,NA,NA,1399
Bangladesh,050,2010,1399,NA,NA,NA,1399
Bangladesh,050,2015,1399,NA,NA,NA,1399
Bangladesh,050,2018,1399,NA,NA,NA,1399
Bangladesh,050,2021,1399,NA,NA,NA,1399
Barbados,052,2000,6,NA,NA,NA,6
Barbados,052,2005,6,NA,NA,NA,6
Barbados,052,2010,6,NA,NA,NA,6
Barbados,052,2015,6,NA,NA,NA,6
Barbados,052,2018,6,NA,NA,NA,6
Barbados,052,2021,6,NA,NA,NA,6
Belarus,112,2000,NA,NA,NA,NA,NA
Belarus,112,2005,NA,NA,NA,NA,NA
Belarus,112,2010,NA,NA,NA,NA,NA
Belarus,112,2015,NA,NA,NA,NA,NA
Belarus,112,2018,NA,NA,NA,NA,NA
Belarus,112,2021,NA,NA,NA,NA,NA
Belgium,056,2000,814,NA,NA,814,NA
Belgium,056,2005,818,NA,NA,818,NA
Belgium,056,2010,815,NA,NA,815,NA
Belgium,056,2015,813,NA,NA,813,NA
Belgium,056,2018,813,NA,NA,813,NA
Belgium,056,2021,813,NA,NA,813,NA
Belize,084,2000,3517,NA,NA,NA,3517
Belize,084,2005,3517,NA,NA,NA,3517
Belize,084,2010,3517,NA,NA,NA,3517
Belize,084,2015,3517,NA,NA,NA,3517
Belize,084,2018,3517,NA,NA,NA,3517
Belize,084,2021,3517,NA,NA,NA,3517
Benin,204,2000,642,NA,NA,NA,642
Benin,204,2005,642,NA,NA,NA,642
Benin,204,2010,642,NA,NA,NA,642
Benin,204,2015,642,NA,NA,NA,642
Benin,204,2018,642,NA,NA,NA,642
Benin,204,2021,642,NA,NA,NA,642
Bermuda,060,2000,NA,NA,NA,NA,NA
Bermuda,060,2005,NA,NA,NA,NA,NA
Bermuda,060,2010,NA,NA,NA,NA,NA
Bermuda,060,2015,NA,NA,NA,NA,NA
Bermuda,060,2018,NA,NA,NA,NA,NA
Bermuda,060,2021,NA,NA,NA,NA,NA
Bhutan,064,2000,38253,42,3862,22806,11543
Bhutan,064,2005,38253,42,3862,22806,11543
Bhutan,064,2010,38253,42,3862,22806,11543
Bhutan,064,2015,38253,42,3862,22806,11543
Bhutan,064,2018,38253,42,3862,22806,11543
Bhutan,064,2021,38253,42,3862,22806,11543
Bolivia (Plurinational State of),068,2000,403028,330,49026,196475,157197
Bolivia (Plurinational State of),068,2005,403028,330,49026,196475,157197
Bolivia (Plurinational State of),068,2010,403028,330,49026,196475,157197
Bolivia (Plurinational State of),068,2015,403028,330,49026,196475,157197
Bolivia (Plurinational State of),068,2018,403028,330,49026,196475,157197
Bolivia (Plurinational State of),068,2021,403028,330,49026,196475,157197
"Bonaire, Sint Eustatius and Saba",535,2000,NA,NA,NA,NA,NA
"Bonaire, Sint Eustatius and Saba",535,2005,NA,NA,NA,NA,NA
"Bonaire, Sint Eustatius and Saba",535,2010,NA,NA,NA,NA,NA
"Bonaire, Sint Eustatius and Saba",535,2015,NA,NA,NA,NA,NA
"Bonaire, Sint Eustatius and Saba",535,2018,NA,NA,NA,NA,NA
"Bonaire, Sint Eustatius and Saba",535,2021,NA,NA,NA,NA,NA
Bosnia and Herzegovina,070,2000,34008,NA,NA,33991,17
Bosnia and Herzegovina,070,2005,34307,NA,NA,34287,20
Bosnia and Herzegovina,070,2010,35065,NA,NA,35042,23
Bosnia and Herzegovina,070,2015,35399,NA,NA,35374,24
Bosnia and Herzegovina,070,2018,35383,NA,NA,35359,24
Bosnia and Herzegovina,070,2021,35367,NA,NA,35343,24
Botswana,072,2000,4316,NA,NA,NA,4316
Botswana,072,2005,4316,NA,NA,NA,4316
Botswana,072,2010,4316,NA,NA,NA,4316
Botswana,072,2015,4316,NA,NA,NA,4316
Botswana,072,2018,4316,NA,NA,NA,4316
Botswana,072,2021,4316,NA,NA,NA,4316
Bouvet Island,074,2000,NA,NA,NA,NA,NA
Bouvet Island,074,2005,NA,NA,NA,NA,NA
Bouvet Island,074,2010,NA,NA,NA,NA,NA
Bouvet Island,074,2015,NA,NA,NA,NA,NA
Bouvet Island,074,2018,NA,NA,NA,NA,NA
Bouvet Island,074,2021,NA,NA,NA,NA,NA
Brazil,076,2000,497797,NA,NA,6046,491751
Brazil,076,2005,497797,NA,NA,6046,491751
Brazil,076,2010,497797,NA,NA,6046,491751
Brazil,076,2015,497797,NA,NA,6046,491751
Brazil,076,2018,497797,NA,NA,6046,491751
Brazil,076,2021,497797,NA,NA,6046,491751
British Virgin Islands,092,2000,1,NA,NA,NA,1
British Virgin Islands,092,2005,1,NA,NA,NA,1
British Virgin Islands,092,2010,1,NA,NA,NA,1
British Virgin Islands,092,2015,1,NA,NA,NA,1
British Virgin Islands,092,2018,1,NA,NA,NA,1
British Virgin Islands,092,2021,1,NA,NA,NA,1
Brunei Darussalam,096,2000,489,NA,NA,NA,489
Brunei Darussalam,096,2005,489,NA,NA,NA,489
Brunei Darussalam,096,2010,489,NA,NA,NA,489
Brunei Darussalam,096,2015,489,NA,NA,NA,489
Brunei Darussalam,096,2018,489,NA,NA,NA,489
Brunei Darussalam,096,2021,489,NA,NA,NA,489
Bulgaria,100,2000,43489,NA,373,43116,NA
Bulgaria,100,2005,43641,NA,375,43265,NA
Bulgaria,100,2010,43726,NA,376,43350,NA
Bulgaria,100,2015,43647,NA,376,43272,NA
Bulgaria,100,2018,43542,NA,376,43166,NA
Bulgaria,100,2021,43436,NA,376,43061,NA
Burkina Faso,854,2000,228,NA,NA,NA,228
Burkina Faso,854,2005,228,NA,NA,NA,228
Burkina Faso,854,2010,228,NA,NA,NA,228
Burkina Faso,854,2015,228,NA,NA,NA,228
Burkina Faso,854,2018,228,NA,NA,NA,228
Burkina Faso,854,2021,228,NA,NA,NA,228
Burundi,108,2000,14750,NA,NA,152,14598
Burundi,108,2005,14750,NA,NA,152,14598
Burundi,108,2010,14750,NA,NA,152,14598
Burundi,108,2015,14750,NA,NA,152,14598
Burundi,108,2018,14750,NA,NA,152,14598
Burundi,108,2021,14750,NA,NA,152,14598
Cabo Verde,132,2000,1626,NA,NA,173,1453
Cabo Verde,132,2005,1626,NA,NA,173,1453
Cabo Verde,132,2010,1626,NA,NA,173,1453
Cabo Verde,132,2015,1626,NA,NA,173,1453
Cabo Verde,132,2018,1626,NA,NA,173,1453
Cabo Verde,132,2021,1626,NA,NA,173,1453
Cambodia,116,2000,15774,NA,NA,NA,15774
Cambodia,116,2005,15774,NA,NA,NA,15774
Cambodia,116,2010,15774,NA,NA,NA,15774
Cambodia,116,2015,15774,NA,NA,NA,15774
Cambodia,116,2018,15774,NA,NA,NA,15774
Cambodia,116,2021,15774,NA,NA,NA,15774
Cameroon,120,2000,95969,NA,21,319,95629
Cameroon,120,2005,95969,NA,21,319,95629
Cameroon,120,2010,95969,NA,21,319,95629
Cameroon,120,2015,95969,NA,21,319,95629
Cameroon,120,2018,95969,NA,21,319,95629
Cameroon,120,2021,95969,NA,21,319,95629
Canada,124,2000,NA,NA,NA,NA,NA
Canada,124,2005,NA,NA,NA,NA,NA
Canada,124,2010,NA,NA,NA,NA,NA
Canada,124,2015,NA,NA,NA,NA,NA
Canada,124,2018,NA,NA,NA,NA,NA
Canada,124,2021,NA,NA,NA,NA,NA
Cayman Islands,136,2000,NA,NA,NA,NA,NA
Cayman Islands,136,2005,NA,NA,NA,NA,NA
Cayman Islands,136,2010,NA,NA,NA,NA,NA
Cayman Islands,136,2015,NA,NA,NA,NA,NA
Cayman Islands,136,2018,NA,NA,NA,NA,NA
Cayman Islands,136,2021,NA,NA,NA,NA,NA
Central African Republic,140,2000,6425,NA,NA,NA,6425
Central African Republic,140,2005,6425,NA,NA,NA,6425
Central African Republic,140,2010,6425,NA,NA,NA,6425
Central African Republic,140,2015,6425,NA,NA,NA,6425
Central African Republic,140,2018,6425,NA,NA,NA,6425
Central African Republic,140,2021,6425,NA,NA,NA,6425
Chad,148,2000,102679,NA,NA,2029,100650
Chad,148,2005,102679,NA,NA,2029,100650
Chad,148,2010,102679,NA,NA,2029,100650
Chad,148,2015,102679,NA,NA,2029,100650
Chad,148,2018,102679,NA,NA,2029,100650
Chad,148,2021,102679,NA,NA,2029,100650
Chagos Archipelago,086,2000,NA,NA,NA,NA,NA
Chagos Archipelago,086,2005,NA,NA,NA,NA,NA
Chagos Archipelago,086,2010,NA,NA,NA,NA,NA
Chagos Archipelago,086,2015,NA,NA,NA,NA,NA
Chagos Archipelago,086,2018,NA,NA,NA,NA,NA
Chagos Archipelago,086,2021,NA,NA,NA,NA,NA
Chile,152,2000,480877,11816,154466,251366,63229
Chile,152,2005,480877,11816,154466,251366,63229
Chile,152,2010,480877,11816,154466,251366,63229
Chile,152,2015,480877,11816,154466,251366,63229
Chile,152,2018,480877,11816,154466,251366,63229
Chile,152,2021,480877,11816,154466,251366,63229
"China, Hong Kong SAR",344,2000,107,NA,NA,NA,107
"China, Hong Kong SAR",344,2005,107,NA,NA,NA,107
"China, Hong Kong SAR",344,2010,107,NA,NA,NA,107
"China, Hong Kong SAR",344,2015,107,NA,NA,NA,107
"China, Hong Kong SAR",344,2018,107,NA,NA,NA,107
"China, Hong Kong SAR",344,2021,107,NA,NA,NA,107
"China, Macao SAR",446,2000,NA,NA,NA,NA,NA
"China, Macao SAR",446,2005,NA,NA,NA,NA,NA
"China, Macao SAR",446,2010,NA,NA,NA,NA,NA
"China, Macao SAR",446,2015,NA,NA,NA,NA,NA
"China, Macao SAR",446,2018,NA,NA,NA,NA,NA
"China, Macao SAR",446,2021,NA,NA,NA,NA,NA
"China, mainland",156,2000,5064089,42578,1493385,2459627,1068500
"China, mainland",156,2005,5064089,42578,1493385,2459627,1068500
"China, mainland",156,2010,5064089,42578,1493385,2459627,1068500
"China, mainland",156,2015,5064089,42578,1493385,2459627,1068500
"China, mainland",156,2018,5064089,42578,1493385,2459627,1068500
"China, mainland",156,2021,5064089,42578,1493385,2459627,1068500
Christmas Island,162,2000,3,NA,NA,NA,3
Christmas Island,162,2005,3,NA,NA,NA,3
Christmas Island,162,2010,3,NA,NA,NA,3
Christmas Island,162,2015,3,NA,NA,NA,3
Christmas Island,162,2018,3,NA,NA,NA,3
Christmas Island,162,2021,3,NA,NA,NA,3
Cocos (Keeling) Islands,166,2000,NA,NA,NA,NA,NA
Cocos (Keeling) Islands,166,2005,NA,NA,NA,NA,NA
Cocos (Keeling) Islands,166,2010,NA,NA,NA,NA,NA
Cocos (Keeling) Islands,166,2015,NA,NA,NA,NA,NA
Cocos (Keeling) Islands,166,2018,NA,NA,NA,NA,NA
Cocos (Keeling) Islands,166,2021,NA,NA,NA,NA,NA
Colombia,170,2000,304047,253,5585,66814,231395
Colombia,170,2005,304047,253,5585,66814,231395
Colombia,170,2010,304047,253,5585,66814,231395
Colombia,170,2015,304047,253,5585,66814,231395
Colombia,170,2018,304047,253,5585,66814,231395
Colombia,170,2021,304047,253,5585,66814,231395
Comoros,174,2000,904,NA,NA,42,862
Comoros,174,2005,904,NA,NA,42,862
Comoros,174,2010,904,NA,NA,42,862
Comoros,174,2015,904,NA,NA,42,862
Comoros,174,2018,904,NA,NA,42,862
Comoros,174,2021,904,NA,NA,42,862
Congo,178,2000,8754,NA,NA,NA,8754
Congo,178,2005,8754,NA,NA,NA,8754
Congo,178,2010,8754,NA,NA,NA,8754
Congo,178,2015,8754,NA,NA,NA,8754
Congo,178,2018,8754,NA,NA,NA,8754
Congo,178,2021,8754,NA,NA,NA,8754
Cook Islands,184,2000,13,NA,NA,NA,13
Cook Islands,184,2005,13,NA,NA,NA,13
Cook Islands,184,2010,13,NA,NA,NA,13
Cook Islands,184,2015,13,NA,NA,NA,13
Cook Islands,184,2018,13,NA,NA,NA,13
Cook Islands,184,2021,13,NA,NA,NA,13
Costa Rica,188,2000,23898,NA,42,2476,21380
Costa Rica,188,2005,23898,NA,42,2476,21380
Costa Rica,188,2010,23898,NA,42,2476,21380
Costa Rica,188,2015,23898,NA,42,2476,21380
Costa Rica,188,2018,23898,NA,42,2476,21380
Costa Rica,188,2021,23898,NA,42,2476,21380
Côte d'Ivoire,384,2000,11194,NA,NA,NA,11194
Côte d'Ivoire,384,2005,11194,NA,NA,NA,11194
Côte d'Ivoire,384,2010,11194,NA,NA,NA,11194
Côte d'Ivoire,384,2015,11194,NA,NA,NA,11194
Côte d'Ivoire,384,2018,11194,NA,NA,NA,11194
Côte d'Ivoire,384,2021,11194,NA,NA,NA,11194
Croatia,191,2000,15597,NA,NA,15470,127
Croatia,191,2005,15377,NA,NA,15263,114
Croatia,191,2010,15304,NA,NA,15193,111
Croatia,191,2015,15238,NA,NA,15129,108
Croatia,191,2018,15186,NA,NA,15080,106
Croatia,191,2021,15134,NA,NA,15030,104
Cuba,192,2000,8289,NA,NA,NA,8289
Cuba,192,2005,8289,NA,NA,NA,8289
Cuba,192,2010,8289,NA,NA,NA,8289
Cuba,192,2015,8289,NA,NA,NA,8289
Cuba,192,2018,8289,NA,NA,NA,8289
Cuba,192,2021,8289,NA,NA,NA,8289
Curaçao,531,2000,NA,NA,NA,NA,NA
Curaçao,531,2005,NA,NA,NA,NA,NA
Curaçao,531,2010,NA,NA,NA,NA,NA
Curaçao,531,2015,NA,NA,NA,NA,NA
Curaçao,531,2018,NA,NA,NA,NA,NA
Curaçao,531,2021,NA,NA,NA,NA,NA
Cyprus,196,2000,3122,NA,NA,407,2714
Cyprus,196,2005,3131,NA,NA,406,2725
Cyprus,196,2010,3126,NA,NA,406,2720
Cyprus,196,2015,3115,NA,NA,404,2712
Cyprus,196,2018,3107,NA,NA,400,2707
Cyprus,196,2021,3099,NA,NA,397,2701
Czechia,203,2000,19791,NA,NA,19791,NA
Czechia,203,2005,19925,NA,NA,19925,NA
Czechia,203,2010,19891,NA,NA,19891,NA
Czechia,203,2015,19823,NA,NA,19823,NA
Czechia,203,2018,19786,NA,NA,19786,NA
Czechia,203,2021,19748,NA,NA,19748,NA
Democratic People's Republic of Korea,408,2000,73442,NA,48,63852,9542
Democratic People's Republic of Korea,408,2005,73442,NA,48,63852,9542
Democratic People's Republic of Korea,408,2010,73442,NA,48,63852,9542
Democratic People's Republic of Korea,408,2015,73442,NA,48,63852,9542
Democratic People's Republic of Korea,408,2018,73442,NA,48,63852,9542
Democratic People's Republic of Korea,408,2021,73442,NA,48,63852,9542
Democratic Republic of the Congo,180,2000,243388,NA,83,4698,238607
Democratic Republic of the Congo,180,2005,243388,NA,83,4698,238607
Democratic Republic of the Congo,180,2010,243388,NA,83,4698,238607
Democratic Republic of the Congo,180,2015,243388,NA,83,4698,238607
Democratic Republic of the Congo,180,2018,243388,NA,83,4698,238607
Democratic Republic of the Congo,180,2021,243388,NA,83,4698,238607
Denmark,208,2000,NA,NA,NA,NA,NA
Denmark,208,2005,NA,NA,NA,NA,NA
Denmark,208,2010,NA,NA,NA,NA,NA
Denmark,208,2015,NA,NA,NA,NA,NA
Denmark,208,2018,NA,NA,NA,NA,NA
Denmark,208,2021,NA,NA,NA,NA,NA
Djibouti,262,2000,11758,NA,NA,NA,11758
Djibouti,262,2005,11758,NA,NA,NA,11758
Djibouti,262,2010,11758,NA,NA,NA,11758
Djibouti,262,2015,11758,NA,NA,NA,11758
Djibouti,262,2018,11758,NA,NA,NA,11758
Djibouti,262,2021,11758,NA,NA,NA,11758
Dominica,212,2000,NA,NA,NA,NA,NA
Dominica,212,2005,NA,NA,NA,NA,NA
Dominica,212,2010,NA,NA,NA,NA,NA
Dominica,212,2015,NA,NA,NA,NA,NA
Dominica,212,2018,NA,NA,NA,NA,NA
Dominica,212,2021,NA,NA,NA,NA,NA
Dominican Republic,214,2000,18002,NA,NA,1396,16606
Dominican Republic,214,2005,18002,NA,NA,1396,16606
Dominican Republic,214,2010,18002,NA,NA,1396,16606
Dominican Republic,214,2015,18002,NA,NA,1396,16606
Dominican Republic,214,2018,18002,NA,NA,1396,16606
Dominican Republic,214,2021,18002,NA,NA,1396,16606
Ecuador,218,2000,113552,64,7066,37500,68922
Ecuador,218,2005,113552,64,7066,37500,68922
Ecuador,218,2010,113552,64,7066,37500,68922
Ecuador,218,2015,113552,64,7066,37500,68922
Ecuador,218,2018,113552,64,7066,37500,68922
Ecuador,218,2021,113552,64,7066,37500,68922
Egypt,818,2000,84426,NA,NA,1394,83032
Egypt,818,2005,84426,NA,NA,1394,83032
Egypt,818,2010,84426,NA,NA,1394,83032
Egypt,818,2015,84426,NA,NA,1394,83032
Egypt,818,2018,84426,NA,NA,1394,83032
Egypt,818,2021,84426,NA,NA,1394,83032
El Salvador,222,2000,11995,NA,NA,31,11964
El Salvador,222,2005,11995,NA,NA,31,11964
El Salvador,222,2010,11995,NA,NA,31,11964
El Salvador,222,2015,11995,NA,NA,31,11964
El Salvador,222,2018,11995,NA,NA,31,11964
El Salvador,222,2021,11995,NA,NA,31,11964
Equatorial Guinea,226,2000,3661,NA,NA,128,3533
Equatorial Guinea,226,2005,3661,NA,NA,128,3533
Equatorial Guinea,226,2010,3661,NA,NA,128,3533
Equatorial Guinea,226,2015,3661,NA,NA,128,3533
Equatorial Guinea,226,2018,3661,NA,NA,128,3533
Equatorial Guinea,226,2021,3661,NA,NA,128,3533
Eritrea,232,2000,71458,NA,NA,21,71437
Eritrea,232,2005,71458,NA,NA,21,71437
Eritrea,232,2010,71458,NA,NA,21,71437
Eritrea,232,2015,71458,NA,NA,21,71437
Eritrea,232,2018,71458,NA,NA,21,71437
Eritrea,232,2021,71458,NA,NA,21,71437
Estonia,233,2000,NA,NA,NA,NA,NA
Estonia,233,2005,NA,NA,NA,NA,NA
Estonia,233,2010,NA,NA,NA,NA,NA
Estonia,233,2015,NA,NA,NA,NA,NA
Estonia,233,2018,NA,NA,NA,NA,NA
Estonia,233,2021,NA,NA,NA,NA,NA
Eswatini,748,2000,12801,NA,NA,33,12768
Eswatini,748,2005,12801,NA,NA,33,12768
Eswatini,748,2010,12801,NA,NA,33,12768
Eswatini,748,2015,12801,NA,NA,33,12768
Eswatini,748,2018,12801,NA,NA,33,12768
Eswatini,748,2021,12801,NA,NA,33,12768
Ethiopia,231,2000,551359,NA,378,52432,498549
Ethiopia,231,2005,551359,NA,378,52432,498549
Ethiopia,231,2010,551359,NA,378,52432,498549
Ethiopia,231,2015,551359,NA,378,52432,498549
Ethiopia,231,2018,551359,NA,378,52432,498549
Ethiopia,231,2021,551359,NA,378,52432,498549
Falkland Islands (Malvinas),238,2000,37,NA,37,1,NA
Falkland Islands (Malvinas),238,2005,37,NA,37,1,NA
Falkland Islands (Malvinas),238,2010,37,NA,37,1,NA
Falkland Islands (Malvinas),238,2015,37,NA,37,1,NA
Falkland Islands (Malvinas),238,2018,37,NA,37,1,NA
Falkland Islands (Malvinas),238,2021,37,NA,37,1,NA
Faroe Islands,234,2000,244,NA,231,12,NA
Faroe Islands,234,2005,244,NA,231,12,NA
Faroe Islands,234,2010,244,NA,231,12,NA
Faroe Islands,234,2015,244,NA,231,12,NA
Faroe Islands,234,2018,244,NA,231,12,NA
Faroe Islands,234,2021,244,NA,231,12,NA
Fiji,242,2000,3794,NA,NA,NA,3794
Fiji,242,2005,3794,NA,NA,NA,3794
Fiji,242,2010,3794,NA,NA,NA,3794
Fiji,242,2015,3794,NA,NA,NA,3794
Fiji,242,2018,3794,NA,NA,NA,3794
Fiji,242,2021,3790,NA,NA,NA,3790
Finland,246,2000,2275,6,932,1337,NA
Finland,246,2005,2271,6,932,1333,NA
Finland,246,2010,2644,5,1008,1631,NA
Finland,246,2015,2832,6,1046,1780,NA
Finland,246,2018,2833,6,1046,1781,NA
Finland,246,2021,2833,6,1046,1781,NA
France,250,2000,116117,2755,3806,109461,95
France,250,2005,116026,2755,3805,109372,95
France,250,2010,117205,2760,3823,110525,97
France,250,2015,117813,2762,3833,111120,98
France,250,2018,117822,2762,3833,111129,98
France,250,2021,117831,2762,3833,111139,98
French Guiana,254,2000,621,NA,NA,NA,621
French Guiana,254,2005,621,NA,NA,NA,621
French Guiana,254,2010,621,NA,NA,NA,621
French Guiana,254,2015,621,NA,NA,NA,621
French Guiana,254,2018,621,NA,NA,NA,621
French Guiana,254,2021,621,NA,NA,NA,621
French Polynesia,258,2000,1085,NA,NA,NA,1085
French Polynesia,258,2005,1085,NA,NA,NA,1085
French Polynesia,258,2010,1085,NA,NA,NA,1085
French Polynesia,258,2015,1085,NA,NA,NA,1085
French Polynesia,258,2018,1085,NA,NA,NA,1085
French Polynesia,258,2021,1085,NA,NA,NA,1085
French Southern Territories,260,2000,NA,NA,NA,NA,NA
French Southern Territories,260,2005,NA,NA,NA,NA,NA
French Southern Territories,260,2010,NA,NA,NA,NA,NA
French Southern Territories,260,2015,NA,NA,NA,NA,NA
French Southern Territories,260,2018,NA,NA,NA,NA,NA
French Southern Territories,260,2021,NA,NA,NA,NA,NA
Gabon,266,2000,9176,NA,NA,NA,9176
Gabon,266,2005,9176,NA,NA,NA,9176
Gabon,266,2010,9176,NA,NA,NA,9176
Gabon,266,2015,9176,NA,NA,NA,9176
Gabon,266,2018,9176,NA,NA,NA,9176
Gabon,266,2021,9176,NA,NA,NA,9176
Gambia,270,2000,NA,NA,NA,NA,NA
Gambia,270,2005,NA,NA,NA,NA,NA
Gambia,270,2010,NA,NA,NA,NA,NA
Gambia,270,2015,NA,NA,NA,NA,NA
Gambia,270,2018,NA,NA,NA,NA,NA
Gambia,270,2021,NA,NA,NA,NA,NA
Georgia,268,2000,55895,523,2815,52556,1
Georgia,268,2005,55895,523,2815,52556,1
Georgia,268,2010,55895,523,2815,52556,1
Georgia,268,2015,55895,523,2815,52556,1
Georgia,268,2018,55895,523,2815,52556,1
Georgia,268,2021,55895,523,2815,52556,1
Germany,276,2000,NA,NA,NA,NA,NA
Germany,276,2005,NA,NA,NA,NA,NA
Germany,276,2010,NA,NA,NA,NA,NA
Germany,276,2015,NA,NA,NA,NA,NA
Germany,276,2018,NA,NA,NA,NA,NA
Germany,276,2021,NA,NA,NA,NA,NA
Ghana,288,2000,5265,NA,NA,NA,5265
Ghana,288,2005,5265,NA,NA,NA,5265
Ghana,288,2010,5265,NA,NA,NA,5265
Ghana,288,2015,5265,NA,NA,NA,5265
Ghana,288,2018,5265,NA,NA,NA,5265
Ghana,288,2021,5265,NA,NA,NA,5265
Gibraltar,292,2000,NA,NA,NA,NA,NA
Gibraltar,292,2005,NA,NA,NA,NA,NA
Gibraltar,292,2010,NA,NA,NA,NA,NA
Gibraltar,292,2015,NA,NA,NA,NA,NA
Gibraltar,292,2018,NA,NA,NA,NA,NA
Gibraltar,292,2021,NA,NA,NA,NA,NA
Greece,300,2000,62591,NA,NA,48828,13762
Greece,300,2005,63407,NA,NA,49421,13986
Greece,300,2010,63916,NA,NA,49919,13997
Greece,300,2015,64067,NA,NA,50104,13963
Greece,300,2018,64045,NA,NA,50099,13946
Greece,300,2021,64023,NA,NA,50094,13930
Greenland,304,2000,NA,NA,NA,NA,NA
Greenland,304,2005,NA,NA,NA,NA,NA
Greenland,304,2010,NA,NA,NA,NA,NA
Greenland,304,2015,NA,NA,NA,NA,NA
Greenland,304,2018,NA,NA,NA,NA,NA
Greenland,304,2021,NA,NA,NA,NA,NA
Grenada,308,2000,82,NA,NA,NA,82
Grenada,308,2005,82,NA,NA,NA,82
Grenada,308,2010,82,NA,NA,NA,82
Grenada,308,2015,82,NA,NA,NA,82
Grenada,308,2018,82,NA,NA,NA,82
Grenada,308,2021,82,NA,NA,NA,82
Guadeloupe,312,2000,327,NA,NA,NA,327
Guadeloupe,312,2005,327,NA,NA,NA,327
Guadeloupe,312,2010,327,NA,NA,NA,327
Guadeloupe,312,2015,327,NA,NA,NA,327
Guadeloupe,312,2018,327,NA,NA,NA,327
Guadeloupe,312,2021,327,NA,NA,NA,327
Guam,316,2000,12,NA,NA,NA,12
Guam,316,2005,12,NA,NA,NA,12
Guam,316,2010,12,NA,NA,NA,12
Guam,316,2015,12,NA,NA,NA,12
Guam,316,2018,12,NA,NA,NA,12
Guam,316,2021,12,NA,NA,NA,12
Guatemala,320,2000,51267,NA,NA,6728,44539
Guatemala,320,2005,51267,NA,NA,6728,44539
Guatemala,320,2010,51267,NA,NA,6728,44539
Guatemala,320,2015,51267,NA,NA,6728,44539
Guatemala,320,2018,51267,NA,NA,6728,44539
Guatemala,320,2021,51267,NA,NA,6728,44539
Guernsey,831,2000,NA,NA,NA,NA,NA
Guernsey,831,2005,NA,NA,NA,NA,NA
Guernsey,831,2010,NA,NA,NA,NA,NA
Guernsey,831,2015,NA,NA,NA,NA,NA
Guernsey,831,2018,NA,NA,NA,NA,NA
Guernsey,831,2021,NA,NA,NA,NA,NA
Guinea,324,2000,56095,NA,NA,NA,56095
Guinea,324,2005,56095,NA,NA,NA,56095
Guinea,324,2010,56095,NA,NA,NA,56095
Guinea,324,2015,56095,NA,NA,NA,56095
Guinea,324,2018,56095,NA,NA,NA,56095
Guinea,324,2021,56095,NA,NA,NA,56095
Guinea-Bissau,624,2000,NA,NA,NA,NA,NA
Guinea-Bissau,624,2005,NA,NA,NA,NA,NA
Guinea-Bissau,624,2010,NA,NA,NA,NA,NA
Guinea-Bissau,624,2015,NA,NA,NA,NA,NA
Guinea-Bissau,624,2018,NA,NA,NA,NA,NA
Guinea-Bissau,624,2021,NA,NA,NA,NA,NA
Guyana,328,2000,19960,NA,NA,6,19954
Guyana,328,2005,19960,NA,NA,6,19954
Guyana,328,2010,19960,NA,NA,6,19954
Guyana,328,2015,19960,NA,NA,6,19954
Guyana,328,2018,19960,NA,NA,6,19954
Guyana,328,2021,19960,NA,NA,6,19954
Haiti,332,2000,13835,NA,NA,263,13572
Haiti,332,2005,13835,NA,NA,263,13572
Haiti,332,2010,13835,NA,NA,263,13572
Haiti,332,2015,13835,NA,NA,263,13572
Haiti,332,2018,13835,NA,NA,263,13572
Haiti,332,2021,13835,NA,NA,263,13572
Heard Island and McDonald Islands,334,2000,NA,NA,NA,NA,NA
Heard Island and McDonald Islands,334,2005,NA,NA,NA,NA,NA
Heard Island and McDonald Islands,334,2010,NA,NA,NA,NA,NA
Heard Island and McDonald Islands,334,2015,NA,NA,NA,NA,NA
Heard Island and McDonald Islands,334,2018,NA,NA,NA,NA,NA
Heard Island and McDonald Islands,334,2021,NA,NA,NA,NA,NA
Holy See,336,2000,NA,NA,NA,NA,NA
Holy See,336,2005,NA,NA,NA,NA,NA
Holy See,336,2010,NA,NA,NA,NA,NA
Holy See,336,2015,NA,NA,NA,NA,NA
Holy See,336,2018,NA,NA,NA,NA,NA
Holy See,336,2021,NA,NA,NA,NA,NA
Honduras,340,2000,75948,NA,NA,277,75671
Honduras,340,2005,75948,NA,NA,277,75671
Honduras,340,2010,75948,NA,NA,277,75671
Honduras,340,2015,75948,NA,NA,277,75671
Honduras,340,2018,75948,NA,NA,277,75671
Honduras,340,2021,75948,NA,NA,277,75671
Hungary,348,2000,3080,NA,NA,3080,NA
Hungary,348,2005,3004,NA,NA,3004,NA
Hungary,348,2010,2958,NA,NA,2958,NA
Hungary,348,2015,2940,NA,NA,2940,NA
Hungary,348,2018,2937,NA,NA,2937,NA
Hungary,348,2021,2935,NA,NA,2935,NA
Iceland,352,2000,44843,23928,19888,1028,NA
Iceland,352,2005,44842,23928,19887,1027,NA
Iceland,352,2010,44840,23927,19887,1026,NA
Iceland,352,2015,44839,23927,19886,1026,NA
Iceland,352,2018,44839,23927,19886,1026,NA
Iceland,352,2021,44839,23927,19885,1026,NA
India,356,2000,449002,4800,17935,46927,379340
India,356,2005,449002,4800,17935,46927,379340
India,356,2010,449002,4800,17935,46927,379340
India,356,2015,449002,4800,17935,46927,379340
India,356,2018,449002,4800,17935,46927,379340
India,356,2021,449002,4800,17935,46927,379340
Indonesia,360,2000,568218,NA,297,24112,543809
Indonesia,360,2005,568218,NA,297,24112,543809
Indonesia,360,2010,568218,NA,297,24112,543809
Indonesia,360,2015,568218,NA,297,24112,543809
Indonesia,360,2018,568218,NA,297,24112,543809
Indonesia,360,2021,568218,NA,297,24112,543809
Iran (Islamic Republic of),364,2000,931338,NA,17,389384,541937
Iran (Islamic Republic of),364,2005,931338,NA,17,389384,541937
Iran (Islamic Republic of),364,2010,931338,NA,17,389384,541937
Iran (Islamic Republic of),364,2015,931338,NA,17,389384,541937
Iran (Islamic Republic of),364,2018,931338,NA,17,389384,541937
Iran (Islamic Republic of),364,2021,931338,NA,17,389384,541937
Iraq,368,2000,38445,NA,NA,3704,34741
Iraq,368,2005,38445,NA,NA,3704,34741
Iraq,368,2010,38445,NA,NA,3704,34741
Iraq,368,2015,38445,NA,NA,3704,34741
Iraq,368,2018,38445,NA,NA,3704,34741
Iraq,368,2021,38445,NA,NA,3704,34741
Ireland,372,2000,2829,NA,51,2779,NA
Ireland,372,2005,2800,NA,46,2754,NA
Ireland,372,2010,2813,NA,51,2762,NA
Ireland,372,2015,2806,NA,51,2756,NA
Ireland,372,2018,2793,NA,51,2742,NA
Ireland,372,2021,2780,NA,51,2729,NA
Isle of Man,833,2000,55,NA,NA,55,NA
Isle of Man,833,2005,55,NA,NA,55,NA
Isle of Man,833,2010,55,NA,NA,55,NA
Isle of Man,833,2015,55,NA,NA,55,NA
Isle of Man,833,2018,55,NA,NA,55,NA
Isle of Man,833,2021,55,NA,NA,55,NA
Israel,376,2000,NA,NA,NA,NA,NA
Israel,376,2005,NA,NA,NA,NA,NA
Israel,376,2010,NA,NA,NA,NA,NA
Israel,376,2015,NA,NA,NA,NA,NA
Israel,376,2018,NA,NA,NA,NA,NA
Israel,376,2021,NA,NA,NA,NA,NA
Italy,380,2000,142251,3859,3980,121653,12759
Italy,380,2005,142633,3869,3992,121985,12788
Italy,380,2010,142861,3875,4008,122173,12806
Italy,380,2015,142908,3878,4014,122227,12789
Italy,380,2018,142879,3878,4014,122221,12767
Italy,380,2021,142850,3878,4014,122214,12744
Jamaica,388,2000,4949,NA,NA,NA,4949
Jamaica,388,2005,4949,NA,NA,NA,4949
Jamaica,388,2010,4949,NA,NA,NA,4949
Jamaica,388,2015,4949,NA,NA,NA,4949
Jamaica,388,2018,4949,NA,NA,NA,4949
Jamaica,388,2021,4949,NA,NA,NA,4949
Japan,392,2000,176072,16,950,156293,18814
Japan,392,2005,176072,16,950,156293,18814
Japan,392,2010,176072,16,950,156293,18814
Japan,392,2015,176072,16,950,156293,18814
Japan,392,2018,176072,16,950,156293,18814
Japan,392,2021,176072,16,950,156293,18814
Jersey,832,2000,NA,NA,NA,NA,NA
Jersey,832,2005,NA,NA,NA,NA,NA
Jersey,832,2010,NA,NA,NA,NA,NA
Jersey,832,2015,NA,NA,NA,NA,NA
Jersey,832,2018,NA,NA,NA,NA,NA
Jersey,832,2021,NA,NA,NA,NA,NA
Jordan,400,2000,14917,NA,NA,1126,13791
Jordan,400,2005,14917,NA,NA,1126,13791
Jordan,400,2010,14917,NA,NA,1126,13791
Jordan,400,2015,14917,NA,NA,1126,13791
Jordan,400,2018,14917,NA,NA,1126,13791
Jordan,400,2021,14917,NA,NA,1126,13791
Kazakhstan,398,2000,189866,839,9160,143038,36829
Kazakhstan,398,2005,189866,839,9160,143038,36830
Kazakhstan,398,2010,189866,839,9160,143038,36830
Kazakhstan,398,2015,189866,839,9160,143038,36830
Kazakhstan,398,2018,189866,839,9160,143038,36829
Kazakhstan,398,2021,189866,839,9160,143038,36830
Kenya,404,2000,143500,NA,171,12138,131192
Kenya,404,2005,143500,NA,171,12138,131192
Kenya,404,2010,143500,NA,171,12138,131192
Kenya,404,2015,143500,NA,171,12138,131192
Kenya,404,2018,143500,NA,171,12138,131192
Kenya,404,2021,143500,NA,171,12138,131192
Kiribati,296,2000,NA,NA,NA,NA,NA
Kiribati,296,2005,NA,NA,NA,NA,NA
Kiribati,296,2010,NA,NA,NA,NA,NA
Kiribati,296,2015,NA,NA,NA,NA,NA
Kiribati,296,2018,NA,NA,NA,NA,NA
Kiribati,296,2021,NA,NA,NA,NA,NA
Kuwait,414,2000,NA,NA,NA,NA,NA
Kuwait,414,2005,NA,NA,NA,NA,NA
Kuwait,414,2010,NA,NA,NA,NA,NA
Kuwait,414,2015,NA,NA,NA,NA,NA
Kuwait,414,2018,NA,NA,NA,NA,NA
Kuwait,414,2021,NA,NA,NA,NA,NA
Kyrgyzstan,417,2000,181277,5977,32723,126190,16388
Kyrgyzstan,417,2005,181277,5977,32723,126190,16388
Kyrgyzstan,417,2010,181277,5977,32723,126190,16388
Kyrgyzstan,417,2015,181277,5977,32723,126190,16388
Kyrgyzstan,417,2018,181277,5977,32723,126190,16388
Kyrgyzstan,417,2021,181277,5977,32723,126190,16388
Lao People's Democratic Republic,418,2000,170811,NA,NA,122,170690
Lao People's Democratic Republic,418,2005,170811,NA,NA,122,170690
Lao People's Democratic Republic,418,2010,170811,NA,NA,122,170690
Lao People's Democratic Republic,418,2015,170811,NA,NA,122,170690
Lao People's Democratic Republic,418,2018,170811,NA,NA,122,170690
Lao People's Democratic Republic,418,2021,170811,NA,NA,122,170690
Latvia,428,2000,NA,NA,NA,NA,NA
Latvia,428,2005,NA,NA,NA,NA,NA
Latvia,428,2010,NA,NA,NA,NA,NA
Latvia,428,2015,NA,NA,NA,NA,NA
Latvia,428,2018,NA,NA,NA,NA,NA
Latvia,428,2021,NA,NA,NA,NA,NA
Lebanon,422,2000,8621,NA,NA,4149,4472
Lebanon,422,2005,8621,NA,NA,4149,4472
Lebanon,422,2010,8621,NA,NA,4149,4472
Lebanon,422,2015,8621,NA,NA,4149,4472
Lebanon,422,2018,8621,NA,NA,4149,4472
Lebanon,422,2021,8621,NA,NA,4149,4472
Lesotho,426,2000,26506,NA,462,24335,1709
Lesotho,426,2005,26506,NA,462,24335,1709
Lesotho,426,2010,26506,NA,462,24335,1709
Lesotho,426,2015,26506,NA,462,24335,1709
Lesotho,426,2018,26506,NA,462,24335,1709
Lesotho,426,2021,26506,NA,462,24335,1709
Liberia,430,2000,5452,NA,NA,NA,5452
Liberia,430,2005,5453,NA,NA,NA,5453
Liberia,430,2010,5452,NA,NA,NA,5452
Liberia,430,2015,5452,NA,NA,NA,5452
Liberia,430,2018,5452,NA,NA,NA,5452
Liberia,430,2021,5452,NA,NA,NA,5452
Libya,434,2000,36102,NA,NA,150,35952
Libya,434,2005,36102,NA,NA,150,35952
Libya,434,2010,36102,NA,NA,150,35952
Libya,434,2015,36102,NA,NA,150,35952
Libya,434,2018,36102,NA,NA,150,35952
Libya,434,2021,36102,NA,NA,150,35952
Liechtenstein,438,2000,160,NA,10,150,NA
Liechtenstein,438,2005,160,NA,9,150,NA
Liechtenstein,438,2010,159,NA,8,150,NA
Liechtenstein,438,2015,159,NA,9,150,NA
Liechtenstein,438,2018,159,NA,9,150,NA
Liechtenstein,438,2021,159,NA,9,150,NA
Lithuania,440,2000,NA,NA,NA,NA,NA
Lithuania,440,2005,NA,NA,NA,NA,NA
Lithuania,440,2010,NA,NA,NA,NA,NA
Lithuania,440,2015,NA,NA,NA,NA,NA
Lithuania,440,2018,NA,NA,NA,NA,NA
Lithuania,440,2021,NA,NA,NA,NA,NA
Luxembourg,442,2000,49,NA,NA,49,NA
Luxembourg,442,2005,49,NA,NA,49,NA
Luxembourg,442,2010,49,NA,NA,49,NA
Luxembourg,442,2015,49,NA,NA,49,NA
Luxembourg,442,2018,49,NA,NA,49,NA
Luxembourg,442,2021,49,NA,NA,49,NA
Madagascar,450,2000,236700,NA,NA,1444,235256
Madagascar,450,2005,236700,NA,NA,1444,235256
Madagascar,450,2010,236700,NA,NA,1444,235256
Madagascar,450,2015,236700,NA,NA,1444,235256
Madagascar,450,2018,236700,NA,NA,1444,235256
Madagascar,450,2021,236700,NA,NA,1444,235256
Malawi,454,2000,45037,NA,NA,327,44710
Malawi,454,2005,45037,NA,NA,327,44710
Malawi,454,2010,45037,NA,NA,327,44710
Malawi,454,2015,45037,NA,NA,327,44710
Malawi,454,2018,45037,NA,NA,327,44710
Malawi,454,2021,45037,NA,NA,327,44710
Malaysia,458,2000,94014,NA,NA,85,93929
Malaysia,458,2005,94014,NA,NA,85,93929
Malaysia,458,2010,94014,NA,NA,85,93929
Malaysia,458,2015,94014,NA,NA,85,93929
Malaysia,458,2018,94014,NA,NA,85,93929
Malaysia,458,2021,94014,NA,NA,85,93929
Maldives,462,2000,NA,NA,NA,NA,NA
Maldives,462,2005,NA,NA,NA,NA,NA
Maldives,462,2010,NA,NA,NA,NA,NA
Maldives,462,2015,NA,NA,NA,NA,NA
Maldives,462,2018,NA,NA,NA,NA,NA
Maldives,462,2021,NA,NA,NA,NA,NA
Mali,466,2000,7352,NA,NA,NA,7352
Mali,466,2005,7352,NA,NA,NA,7352
Mali,466,2010,7352,NA,NA,NA,7352
Mali,466,2015,7352,NA,NA,NA,7352
Mali,466,2018,7352,NA,NA,NA,7352
Mali,466,2021,7352,NA,NA,NA,7352
Malta,470,2000,NA,NA,NA,NA,NA
Malta,470,2005,NA,NA,NA,NA,NA
Malta,470,2010,NA,NA,NA,NA,NA
Malta,470,2015,NA,NA,NA,NA,NA
Malta,470,2018,NA,NA,NA,NA,NA
Malta,470,2021,NA,NA,NA,NA,NA
Marshall Islands,584,2000,NA,NA,NA,NA,NA
Marshall Islands,584,2005,NA,NA,NA,NA,NA
Marshall Islands,584,2010,NA,NA,NA,NA,NA
Marshall Islands,584,2015,NA,NA,NA,NA,NA
Marshall Islands,584,2018,NA,NA,NA,NA,NA
Marshall Islands,584,2021,NA,NA,NA,NA,NA
Martinique,474,2000,170,NA,NA,NA,170
Martinique,474,2005,170,NA,NA,NA,170
Martinique,474,2010,170,NA,NA,NA,170
Martinique,474,2015,170,NA,NA,NA,170
Martinique,474,2018,170,NA,NA,NA,170
Martinique,474,2021,170,NA,NA,NA,170
Mauritania,478,2000,6891,NA,NA,NA,6891
Mauritania,478,2005,6891,NA,NA,NA,6891
Mauritania,478,2010,6891,NA,NA,NA,6891
Mauritania,478,2015,6891,NA,NA,NA,6891
Mauritania,478,2018,6891,NA,NA,NA,6891
Mauritania,478,2021,6891,NA,NA,NA,6891
Mauritius,480,2000,488,NA,NA,NA,488
Mauritius,480,2005,488,NA,NA,NA,488
Mauritius,480,2010,488,NA,NA,NA,488
Mauritius,480,2015,488,NA,NA,NA,488
Mauritius,480,2018,488,NA,NA,NA,488
Mauritius,480,2021,488,NA,NA,NA,488
Mayotte,175,2000,48,NA,NA,NA,48
Mayotte,175,2005,48,NA,NA,NA,48
Mayotte,175,2010,48,NA,NA,NA,48
Mayotte,175,2015,48,NA,NA,NA,48
Mayotte,175,2018,48,NA,NA,NA,48
Mayotte,175,2021,48,NA,NA,NA,48
Mexico,484,2000,941982,NA,222,135765,805995
Mexico,484,2005,941982,NA,222,135765,805995
Mexico,484,2010,941982,NA,222,135765,805995
Mexico,484,2015,941982,NA,222,135765,805995
Mexico,484,2018,941982,NA,222,135765,805995
Mexico,484,2021,941982,NA,222,135765,805995
Micronesia (Federated States of),583,2000,87,NA,NA,NA,87
Micronesia (Federated States of),583,2005,87,NA,NA,NA,87
Micronesia (Federated States of),583,2010,87,NA,NA,NA,87
Micronesia (Federated States of),583,2015,87,NA,NA,NA,87
Micronesia (Federated States of),583,2018,87,NA,NA,NA,87
Micronesia (Federated States of),583,2021,87,NA,NA,NA,87
Monaco,492,2000,NA,NA,NA,NA,NA
Monaco,492,2005,NA,NA,NA,NA,NA
Monaco,492,2010,NA,NA,NA,NA,NA
Monaco,492,2015,NA,NA,NA,NA,NA
Monaco,492,2018,NA,NA,NA,NA,NA
Monaco,492,2021,NA,NA,NA,NA,NA
Mongolia,496,2000,560023,8,16343,540752,2920
Mongolia,496,2005,560023,8,16343,540752,2920
Mongolia,496,2010,560023,8,16343,540752,2920
Mongolia,496,2015,560023,8,16343,540752,2920
Mongolia,496,2018,560023,8,16343,540752,2920
Mongolia,496,2021,560023,8,16343,540752,2920
Montenegro,499,2000,9200,NA,13,9139,47
Montenegro,499,2005,9353,NA,13,9290,49
Montenegro,499,2010,9380,NA,16,9314,50
Montenegro,499,2015,9361,NA,16,9295,50
Montenegro,499,2018,9346,NA,16,9280,50
Montenegro,499,2021,9330,NA,16,9265,50
Montserrat,500,2000,31,NA,NA,NA,31
Montserrat,500,2005,31,NA,NA,NA,31
Montserrat,500,2010,31,NA,NA,NA,31
Montserrat,500,2015,31,NA,NA,NA,31
Montserrat,500,2018,31,NA,NA,NA,31
Montserrat,500,2021,31,NA,NA,NA,31
Morocco,504,2000,213666,NA,18,68636,145011
Morocco,504,2005,213666,NA,18,68636,145011
Morocco,504,2010,213666,NA,18,68636,145011
Morocco,504,2015,213666,NA,18,68636,145011
Morocco,504,2018,213666,NA,18,68636,145011
Morocco,504,2021,213666,NA,18,68636,145011
Mozambique,508,2000,145853,NA,NA,104,145749
Mozambique,508,2005,145853,NA,NA,104,145749
Mozambique,508,2010,145853,NA,NA,104,145749
Mozambique,508,2015,145853,NA,NA,104,145749
Mozambique,508,2018,145853,NA,NA,104,145749
Mozambique,508,2021,145853,NA,NA,104,145749
Myanmar,104,2000,331204,NA,433,19363,311408
Myanmar,104,2005,331204,NA,433,19363,311408
Myanmar,104,2010,331204,NA,433,19363,311408
Myanmar,104,2015,331204,NA,433,19363,311408
Myanmar,104,2018,331204,NA,433,19363,311408
Myanmar,104,2021,331204,NA,433,19363,311408
Namibia,516,2000,164468,NA,NA,8525,155943
Namibia,516,2005,164468,NA,NA,8525,155943
Namibia,516,2010,164468,NA,NA,8525,155943
Namibia,516,2015,164468,NA,NA,8525,155943
Namibia,516,2018,164468,NA,NA,8525,155943
Namibia,516,2021,164468,NA,NA,8525,155943
Nauru,520,2000,NA,NA,NA,NA,NA
Nauru,520,2005,NA,NA,NA,NA,NA
Nauru,520,2010,NA,NA,NA,NA,NA
Nauru,520,2015,NA,NA,NA,NA,NA
Nauru,520,2018,NA,NA,NA,NA,NA
Nauru,520,2021,NA,NA,NA,NA,NA
Nepal,524,2000,120582,5874,18174,39085,57448
Nepal,524,2005,120582,5874,18174,39085,57448
Nepal,524,2010,120582,5874,18174,39085,57448
Nepal,524,2015,120582,5874,18174,39085,57448
Nepal,524,2018,120582,5874,18174,39085,57448
Nepal,524,2021,120582,5874,18174,39085,57448
Netherlands (Kingdom of the),528,2000,NA,NA,NA,NA,NA
Netherlands (Kingdom of the),528,2005,NA,NA,NA,NA,NA
Netherlands (Kingdom of the),528,2010,NA,NA,NA,NA,NA
Netherlands (Kingdom of the),528,2015,NA,NA,NA,NA,NA
Netherlands (Kingdom of the),528,2018,NA,NA,NA,NA,NA
Netherlands (Kingdom of the),528,2021,NA,NA,NA,NA,NA
New Caledonia,540,2000,8458,NA,NA,NA,8458
New Caledonia,540,2005,8458,NA,NA,NA,8458
New Caledonia,540,2010,8458,NA,NA,NA,8458
New Caledonia,540,2015,8458,NA,NA,NA,8458
New Caledonia,540,2018,8458,NA,NA,NA,8458
New Caledonia,540,2021,8458,NA,NA,NA,8458
New Zealand,554,2000,137030,1676,7919,127276,159
New Zealand,554,2005,137030,1676,7919,127276,159
New Zealand,554,2010,137030,1676,7919,127276,159
New Zealand,554,2015,137030,1676,7919,127276,159
New Zealand,554,2018,137030,1676,7919,127276,159
New Zealand,554,2021,137030,1676,7919,127276,159
Nicaragua,558,2000,31108,NA,NA,NA,31108
Nicaragua,558,2005,31108,NA,NA,NA,31108
Nicaragua,558,2010,31108,NA,NA,NA,31108
Nicaragua,558,2015,31108,NA,NA,NA,31108
Nicaragua,558,2018,31108,NA,NA,NA,31108
Nicaragua,558,2021,31108,NA,NA,NA,31108
Niger,562,2000,22284,NA,NA,NA,22284
Niger,562,2005,22284,NA,NA,NA,22284
Niger,562,2010,22284,NA,NA,NA,22284
Niger,562,2015,22284,NA,NA,NA,22284
Niger,562,2018,22284,NA,NA,NA,22284
Niger,562,2021,22284,NA,NA,NA,22284
Nigeria,566,2000,66230,NA,NA,NA,66230
Nigeria,566,2005,66230,NA,NA,NA,66230
Nigeria,566,2010,66230,NA,NA,NA,66230
Nigeria,566,2015,66230,NA,NA,NA,66230
Nigeria,566,2018,66230,NA,NA,NA,66230
Nigeria,566,2021,66230,NA,NA,NA,66230
Niue,570,2000,NA,NA,NA,NA,NA
Niue,570,2005,NA,NA,NA,NA,NA
Niue,570,2010,NA,NA,NA,NA,NA
Niue,570,2015,NA,NA,NA,NA,NA
Niue,570,2018,NA,NA,NA,NA,NA
Niue,570,2021,NA,NA,NA,NA,NA
Norfolk Island,574,2000,NA,NA,NA,NA,NA
Norfolk Island,574,2005,NA,NA,NA,NA,NA
Norfolk Island,574,2010,NA,NA,NA,NA,NA
Norfolk Island,574,2015,NA,NA,NA,NA,NA
Norfolk Island,574,2018,NA,NA,NA,NA,NA
Norfolk Island,574,2021,NA,NA,NA,NA,NA
North Macedonia,807,2000,18019,NA,41,17979,NA
North Macedonia,807,2005,17792,NA,42,17750,NA
North Macedonia,807,2010,17693,NA,42,17650,NA
North Macedonia,807,2015,17609,NA,42,17567,NA
North Macedonia,807,2018,17553,NA,42,17511,NA
North Macedonia,807,2021,17497,NA,42,17455,NA
Northern Mariana Islands,580,2000,35,NA,NA,NA,35
Northern Mariana Islands,580,2005,35,NA,NA,NA,35
Northern Mariana Islands,580,2010,35,NA,NA,NA,35
Northern Mariana Islands,580,2015,35,NA,NA,NA,35
Northern Mariana Islands,580,2018,35,NA,NA,NA,35
Northern Mariana Islands,580,2021,35,NA,NA,NA,35
Norway,578,2000,NA,NA,NA,NA,NA
Norway,578,2005,NA,NA,NA,NA,NA
Norway,578,2010,NA,NA,NA,NA,NA
Norway,578,2015,NA,NA,NA,NA,NA
Norway,578,2018,NA,NA,NA,NA,NA
Norway,578,2021,NA,NA,NA,NA,NA
Oman,512,2000,43308,NA,NA,235,43073
Oman,512,2005,43308,NA,NA,235,43073
Oman,512,2010,43308,NA,NA,235,43073
Oman,512,2015,43308,NA,NA,235,43073
Oman,512,2018,43308,NA,NA,235,43073
Oman,512,2021,43308,NA,NA,235,43073
Pakistan,586,2000,274464,3856,5609,46622,218377
Pakistan,586,2005,274464,3856,5609,46622,218377
Pakistan,586,2010,274464,3856,5609,46622,218377
Pakistan,586,2015,274464,3856,5609,46622,218377
Pakistan,586,2018,274464,3856,5609,46622,218377
Pakistan,586,2021,274464,3856,5609,46622,218377
Palau,585,2000,NA,NA,NA,NA,NA
Palau,585,2005,NA,NA,NA,NA,NA
Palau,585,2010,NA,NA,NA,NA,NA
Palau,585,2015,NA,NA,NA,NA,NA
Palau,585,2018,NA,NA,NA,NA,NA
Palau,585,2021,NA,NA,NA,NA,NA
Palestine,275,2000,3477,NA,NA,NA,3477
Palestine,275,2005,3477,NA,NA,NA,3477
Palestine,275,2010,3477,NA,NA,NA,3477
Palestine,275,2015,3477,NA,NA,NA,3477
Palestine,275,2018,3477,NA,NA,NA,3477
Palestine,275,2021,3477,NA,NA,NA,3477
Panama,591,2000,23565,NA,NA,555,23010
Panama,591,2005,23565,NA,NA,555,23010
Panama,591,2010,23565,NA,NA,555,23010
Panama,591,2015,23565,NA,NA,555,23010
Panama,591,2018,23565,NA,NA,555,23010
Panama,591,2021,23565,NA,NA,555,23010
Papua New Guinea,598,2000,205204,NA,NA,22030,183173
Papua New Guinea,598,2005,205204,NA,NA,22030,183173
Papua New Guinea,598,2010,205204,NA,NA,22030,183173
Papua New Guinea,598,2015,205204,NA,NA,22030,183173
Papua New Guinea,598,2018,205204,NA,NA,22030,183173
Papua New Guinea,598,2021,205204,NA,NA,22030,183173
Paraguay,600,2000,2585,NA,NA,NA,2585
Paraguay,600,2005,2585,NA,NA,NA,2585
Paraguay,600,2010,2585,NA,NA,NA,2585
Paraguay,600,2015,2585,NA,NA,NA,2585
Paraguay,600,2018,2585,NA,NA,NA,2585
Paraguay,600,2021,2585,NA,NA,NA,2585
Peru,604,2000,634617,3268,156355,196487,278507
Peru,604,2005,634617,3268,156355,196487,278507
Peru,604,2010,634617,3268,156355,196487,278507
Peru,604,2015,634617,3268,156355,196487,278507
Peru,604,2018,634617,3268,156355,196487,278507
Peru,604,2021,634617,3268,156355,196487,278507
Philippines,608,2000,107106,NA,NA,310,106796
Philippines,608,2005,107106,NA,NA,310,106796
Philippines,608,2010,107106,NA,NA,310,106796
Philippines,608,2015,107106,NA,NA,309,106796
Philippines,608,2018,107106,NA,NA,309,106796
Philippines,608,2021,107106,NA,NA,310,106796
Pitcairn,612,2000,NA,NA,NA,NA,NA
Pitcairn,612,2005,NA,NA,NA,NA,NA
Pitcairn,612,2010,NA,NA,NA,NA,NA
Pitcairn,612,2015,NA,NA,NA,NA,NA
Pitcairn,612,2018,NA,NA,NA,NA,NA
Pitcairn,612,2021,NA,NA,NA,NA,NA
Poland,616,2000,14351,0,72,14279,NA
Poland,616,2005,14292,0,72,14220,NA
Poland,616,2010,14255,0,68,14187,NA
Poland,616,2015,14237,0,66,14171,NA
Poland,616,2018,14232,0,65,14167,NA
Poland,616,2021,14227,0,64,14162,NA
Portugal,620,2000,24726,NA,NA,20769,3958
Portugal,620,2005,23036,NA,NA,19561,3476
Portugal,620,2010,23034,NA,NA,19615,3419
Portugal,620,2015,22710,NA,NA,19358,3352
Portugal,620,2018,22218,NA,NA,18953,3265
Portugal,620,2021,21726,NA,NA,18547,3179
Puerto Rico,630,2000,2659,NA,NA,NA,2659
Puerto Rico,630,2005,2659,NA,NA,NA,2659
Puerto Rico,630,2010,2659,NA,NA,NA,2659
Puerto Rico,630,2015,2659,NA,NA,NA,2659
Puerto Rico,630,2018,2659,NA,NA,NA,2659
Puerto Rico,630,2021,2659,NA,NA,NA,2659
Qatar,634,2000,NA,NA,NA,NA,NA
Qatar,634,2005,NA,NA,NA,NA,NA
Qatar,634,2010,NA,NA,NA,NA,NA
Qatar,634,2015,NA,NA,NA,NA,NA
Qatar,634,2018,NA,NA,NA,NA,NA
Qatar,634,2021,NA,NA,NA,NA,NA
Republic of Korea,410,2000,31909,NA,NA,19460,12449
Republic of Korea,410,2005,31909,NA,NA,19460,12449
Republic of Korea,410,2010,31909,NA,NA,19460,12449
Republic of Korea,410,2015,31909,NA,NA,19460,12449
Republic of Korea,410,2018,31909,NA,NA,19460,12449
Republic of Korea,410,2021,31909,NA,NA,19460,12449
Republic of Moldova,498,2000,65,NA,NA,65,NA
Republic of Moldova,498,2005,65,NA,NA,65,NA
Republic of Moldova,498,2010,65,NA,NA,65,NA
Republic of Moldova,498,2015,65,NA,NA,65,NA
Republic of Moldova,498,2018,65,NA,NA,65,NA
Republic of Moldova,498,2021,65,NA,NA,65,NA
Réunion,638,2000,1788,NA,NA,419,1369
Réunion,638,2005,1788,NA,NA,419,1369
Réunion,638,2010,1788,NA,NA,419,1369
Réunion,638,2015,1788,NA,NA,419,1369
Réunion,638,2018,1788,NA,NA,419,1369
Réunion,638,2021,1788,NA,NA,419,1369
Romania,642,2000,77795,NA,164,77630,NA
Romania,642,2005,79356,NA,160,79195,NA
Romania,642,2010,79188,NA,164,79024,NA
Romania,642,2015,78798,NA,164,78634,NA
Romania,642,2018,78650,NA,163,78486,NA
Romania,642,2021,78501,NA,163,78338,NA
Russian Federation,643,2000,4275241,118907,1901442,2254841,51
Russian Federation,643,2005,4275241,118907,1901442,2254841,51
Russian Federation,643,2010,4275241,118907,1901442,2254841,51
Russian Federation,643,2015,4275241,118907,1901442,2254841,51
Russian Federation,643,2018,4275241,118907,1901442,2254841,51
Russian Federation,643,2021,4275241,118907,1901442,2254841,51
Rwanda,646,2000,16520,NA,NA,1114,15406
Rwanda,646,2005,16520,NA,NA,1114,15406
Rwanda,646,2010,16520,NA,NA,1114,15406
Rwanda,646,2015,16520,NA,NA,1114,15406
Rwanda,646,2018,16520,NA,NA,1114,15406
Rwanda,646,2021,16520,NA,NA,1114,15406
Saint Barthélemy,652,2000,NA,NA,NA,NA,NA
Saint Barthélemy,652,2005,NA,NA,NA,NA,NA
Saint Barthélemy,652,2010,NA,NA,NA,NA,NA
Saint Barthélemy,652,2015,NA,NA,NA,NA,NA
Saint Barthélemy,652,2018,NA,NA,NA,NA,NA
Saint Barthélemy,652,2021,NA,NA,NA,NA,NA
Saint Kitts and Nevis,659,2000,NA,NA,NA,NA,NA
Saint Kitts and Nevis,659,2005,NA,NA,NA,NA,NA
Saint Kitts and Nevis,659,2010,NA,NA,NA,NA,NA
Saint Kitts and Nevis,659,2015,NA,NA,NA,NA,NA
Saint Kitts and Nevis,659,2018,NA,NA,NA,NA,NA
Saint Kitts and Nevis,659,2021,NA,NA,NA,NA,NA
Saint Lucia,662,2000,96,NA,NA,NA,96
Saint Lucia,662,2005,96,NA,NA,NA,96
Saint Lucia,662,2010,96,NA,NA,NA,96
Saint Lucia,662,2015,96,NA,NA,NA,96
Saint Lucia,662,2018,96,NA,NA,NA,96
Saint Lucia,662,2021,96,NA,NA,NA,96
Saint Martin (French part),663,2000,NA,NA,NA,NA,NA
Saint Martin (French part),663,2005,NA,NA,NA,NA,NA
Saint Martin (French part),663,2010,NA,NA,NA,NA,NA
Saint Martin (French part),663,2015,NA,NA,NA,NA,NA
Saint Martin (French part),663,2018,NA,NA,NA,NA,NA
Saint Martin (French part),663,2021,NA,NA,NA,NA,NA
Saint Pierre and Miquelon,666,2000,NA,NA,NA,NA,NA
Saint Pierre and Miquelon,666,2005,NA,NA,NA,NA,NA
Saint Pierre and Miquelon,666,2010,NA,NA,NA,NA,NA
Saint Pierre and Miquelon,666,2015,NA,NA,NA,NA,NA
Saint Pierre and Miquelon,666,2018,NA,NA,NA,NA,NA
Saint Pierre and Miquelon,666,2021,NA,NA,NA,NA,NA
Saint Vincent and the Grenadines,670,2000,149,NA,NA,NA,149
Saint Vincent and the Grenadines,670,2005,149,NA,NA,NA,149
Saint Vincent and the Grenadines,670,2010,149,NA,NA,NA,149
Saint Vincent and the Grenadines,670,2015,149,NA,NA,NA,149
Saint Vincent and the Grenadines,670,2018,149,NA,NA,NA,149
Saint Vincent and the Grenadines,670,2021,149,NA,NA,NA,149
Samoa,882,2000,1273,NA,NA,NA,1273
Samoa,882,2005,1273,NA,NA,NA,1273
Samoa,882,2010,1273,NA,NA,NA,1273
Samoa,882,2015,1273,NA,NA,NA,1273
Samoa,882,2018,1273,NA,NA,NA,1273
Samoa,882,2021,1273,NA,NA,NA,1273
San Marino,674,2000,24,NA,NA,24,NA
San Marino,674,2005,24,NA,NA,24,NA
San Marino,674,2010,24,NA,NA,24,NA
San Marino,674,2015,24,NA,NA,24,NA
San Marino,674,2018,24,NA,NA,24,NA
San Marino,674,2021,24,NA,NA,24,NA
Sao Tome and Principe,678,2000,NA,NA,NA,NA,NA
Sao Tome and Principe,678,2005,NA,NA,NA,NA,NA
Sao Tome and Principe,678,2010,NA,NA,NA,NA,NA
Sao Tome and Principe,678,2015,NA,NA,NA,NA,NA
Sao Tome and Principe,678,2018,NA,NA,NA,NA,NA
Sao Tome and Principe,678,2021,NA,NA,NA,NA,NA
Saudi Arabia,682,2000,223270,NA,NA,172,223098
Saudi Arabia,682,2005,223270,NA,NA,172,223098
Saudi Arabia,682,2010,223270,NA,NA,172,223098
Saudi Arabia,682,2015,223270,NA,NA,172,223098
Saudi Arabia,682,2018,223270,NA,NA,172,223098
Saudi Arabia,682,2021,223270,NA,NA,172,223098
Senegal,686,2000,287,NA,NA,NA,287
Senegal,686,2005,287,NA,NA,NA,287
Senegal,686,2010,287,NA,NA,NA,287
Senegal,686,2015,287,NA,NA,NA,287
Senegal,686,2018,287,NA,NA,NA,287
Senegal,686,2021,287,NA,NA,NA,287
Serbia,688,2000,39901,NA,64,39837,NA
Serbia,688,2005,39619,NA,68,39551,NA
Serbia,688,2010,39429,NA,67,39363,NA
Serbia,688,2015,39333,NA,66,39267,NA
Serbia,688,2018,39304,NA,66,39238,NA
Serbia,688,2021,39274,NA,66,39208,NA
Seychelles,690,2000,NA,NA,NA,NA,NA
Seychelles,690,2005,NA,NA,NA,NA,NA
Seychelles,690,2010,NA,NA,NA,NA,NA
Seychelles,690,2015,NA,NA,NA,NA,NA
Seychelles,690,2018,NA,NA,NA,NA,NA
Seychelles,690,2021,NA,NA,NA,NA,NA
Sierra Leone,694,2000,7103,NA,NA,NA,7103
Sierra Leone,694,2005,7103,NA,NA,NA,7103
Sierra Leone,694,2010,7103,NA,NA,NA,7103
Sierra Leone,694,2015,7103,NA,NA,NA,7103
Sierra Leone,694,2018,7103,NA,NA,NA,7103
Sierra Leone,694,2021,7103,NA,NA,NA,7103
Singapore,702,2000,NA,NA,NA,NA,NA
Singapore,702,2005,NA,NA,NA,NA,NA
Singapore,702,2010,NA,NA,NA,NA,NA
Singapore,702,2015,NA,NA,NA,NA,NA
Singapore,702,2018,NA,NA,NA,NA,NA
Singapore,702,2021,NA,NA,NA,NA,NA
Sint Maarten (Dutch part),534,2000,NA,NA,NA,NA,NA
Sint Maarten (Dutch part),534,2005,NA,NA,NA,NA,NA
Sint Maarten (Dutch part),534,2010,NA,NA,NA,NA,NA
Sint Maarten (Dutch part),534,2015,NA,NA,NA,NA,NA
Sint Maarten (Dutch part),534,2018,NA,NA,NA,NA,NA
Sint Maarten (Dutch part),534,2021,NA,NA,NA,NA,NA
Slovakia,703,2000,25849,42,223,25584,NA
Slovakia,703,2005,25909,42,224,25643,NA
Slovakia,703,2010,26029,41,221,25766,NA
Slovakia,703,2015,26026,41,219,25765,NA
Slovakia,703,2018,25968,41,219,25708,NA
Slovakia,703,2021,25910,41,218,25651,NA
Slovenia,705,2000,13820,NA,57,13763,NA
Slovenia,705,2005,13857,NA,57,13800,NA
Slovenia,705,2010,13838,NA,57,13780,NA
Slovenia,705,2015,13804,NA,57,13747,NA
Slovenia,705,2018,13784,NA,57,13727,NA
Slovenia,705,2021,13764,NA,57,13707,NA
Solomon Islands,090,2000,9266,NA,NA,NA,9266
Solomon Islands,090,2005,9266,NA,NA,NA,9266
Solomon Islands,090,2010,9266,NA,NA,NA,9266
Solomon Islands,090,2015,9266,NA,NA,NA,9266
Solomon Islands,090,2018,9266,NA,NA,NA,9266
Solomon Islands,090,2021,9266,NA,NA,NA,9266
Somalia,706,2000,60238,NA,NA,79,60159
Somalia,706,2005,60238,NA,NA,79,60159
Somalia,706,2010,60238,NA,NA,79,60159
Somalia,706,2015,60238,NA,NA,79,60159
Somalia,706,2018,60238,NA,NA,79,60159
Somalia,706,2021,60238,NA,NA,79,60159
South Africa,710,2000,428992,NA,24,101266,327702
South Africa,710,2005,428992,NA,24,101266,327702
South Africa,710,2010,428992,NA,24,101266,327702
South Africa,710,2015,428951,NA,24,101266,327661
South Africa,710,2018,428829,NA,24,101267,327537
South Africa,710,2021,428991,NA,24,101268,327698
South Georgia and the South Sandwich Islands,239,2000,NA,NA,NA,NA,NA
South Georgia and the South Sandwich Islands,239,2005,NA,NA,NA,NA,NA
South Georgia and the South Sandwich Islands,239,2010,NA,NA,NA,NA,NA
South Georgia and the South Sandwich Islands,239,2015,NA,NA,NA,NA,NA
South Georgia and the South Sandwich Islands,239,2018,NA,NA,NA,NA,NA
South Georgia and the South Sandwich Islands,239,2021,NA,NA,NA,NA,NA
South Sudan,728,2000,37457,NA,NA,43,37414
South Sudan,728,2005,37457,NA,NA,43,37414
South Sudan,728,2010,37457,NA,NA,43,37414
South Sudan,728,2015,37457,NA,NA,43,37414
South Sudan,728,2018,37457,NA,NA,43,37414
South Sudan,728,2021,37457,NA,NA,43,37414
Spain,724,2000,217941,200,817,170512,46412
Spain,724,2005,233423,201,858,182981,49382
Spain,724,2010,235423,202,866,184767,49588
Spain,724,2015,234533,202,866,184129,49337
Spain,724,2018,234192,202,866,183844,49280
Spain,724,2021,233851,202,866,183560,49223
Sri Lanka,144,2000,9792,NA,NA,NA,9792
Sri Lanka,144,2005,9792,NA,NA,NA,9792
Sri Lanka,144,2010,9792,NA,NA,NA,9792
Sri Lanka,144,2015,9792,NA,NA,NA,9792
Sri Lanka,144,2018,9792,NA,NA,NA,9792
Sri Lanka,144,2021,9792,NA,NA,NA,9792
Sudan,729,2000,144772,NA,NA,21,144751
Sudan,729,2005,144772,NA,NA,21,144751
Sudan,729,2010,144772,NA,NA,21,144751
Sudan,729,2015,144772,NA,NA,21,144751
Sudan,729,2018,144772,NA,NA,21,144751
Sudan,729,2021,144772,NA,NA,21,144751
Suriname,740,2000,8583,NA,NA,NA,8583
Suriname,740,2005,8583,NA,NA,NA,8583
Suriname,740,2010,8583,NA,NA,NA,8583
Suriname,740,2015,8583,NA,NA,NA,8583
Suriname,740,2018,8583,NA,NA,NA,8583
Suriname,740,2021,8583,NA,NA,NA,8583
Svalbard and Jan Mayen Islands,744,2000,NA,NA,NA,NA,NA
Svalbard and Jan Mayen Islands,744,2005,NA,NA,NA,NA,NA
Svalbard and Jan Mayen Islands,744,2010,NA,NA,NA,NA,NA
Svalbard and Jan Mayen Islands,744,2015,NA,NA,NA,NA,NA
Svalbard and Jan Mayen Islands,744,2018,NA,NA,NA,NA,NA
Svalbard and Jan Mayen Islands,744,2021,NA,NA,NA,NA,NA
Sweden,752,2000,65865,1624,22878,41363,NA
Sweden,752,2005,65669,1624,22878,41167,NA
Sweden,752,2010,66485,1624,22877,41984,NA
Sweden,752,2015,67128,1624,22877,42627,NA
Sweden,752,2018,67343,1624,22877,42842,NA
Sweden,752,2021,67558,1624,22878,43057,NA
Switzerland,756,2000,36544,6812,3802,25931,NA
Switzerland,756,2005,36414,6808,3781,25825,NA
Switzerland,756,2010,35731,6729,3660,25342,NA
Switzerland,756,2015,35407,6692,3603,25113,NA
Switzerland,756,2018,35409,6692,3603,25115,NA
Switzerland,756,2021,35412,6692,3603,25117,NA
Syrian Arab Republic,760,2000,28645,NA,NA,6352,22293
Syrian Arab Republic,760,2005,28645,NA,NA,6352,22293
Syrian Arab Republic,760,2010,28645,NA,NA,6352,22293
Syrian Arab Republic,760,2015,28645,NA,NA,6352,22293
Syrian Arab Republic,760,2018,28645,NA,NA,6352,22293
Syrian Arab Republic,760,2021,28645,NA,NA,6352,22293
Tajikistan,762,2000,133204,25909,26068,65427,15800
Tajikistan,762,2005,133204,25909,26068,65427,15800
Tajikistan,762,2010,133204,25909,26068,65427,15800
Tajikistan,762,2015,133204,25909,26068,65427,15800
Tajikistan,762,2018,133204,25909,26068,65427,15800
Tajikistan,762,2021,133204,25909,26068,65427,15800
Thailand,764,2000,148507,NA,NA,NA,148507
Thailand,764,2005,148507,NA,NA,NA,148507
Thailand,764,2010,148507,NA,NA,NA,148507
Thailand,764,2015,148507,NA,NA,NA,148507
Thailand,764,2018,148507,NA,NA,NA,148507
Thailand,764,2021,148507,NA,NA,NA,148507
Timor-Leste,626,2000,9210,NA,NA,NA,9210
Timor-Leste,626,2005,9210,NA,NA,NA,9210
Timor-Leste,626,2010,9210,NA,NA,NA,9210
Timor-Leste,626,2015,9210,NA,NA,NA,9210
Timor-Leste,626,2018,9210,NA,NA,NA,9210
Timor-Leste,626,2021,9210,NA,NA,NA,9210
Togo,768,2000,4418,NA,NA,NA,4418
Togo,768,2005,4418,NA,NA,NA,4418
Togo,768,2010,4418,NA,NA,NA,4418
Togo,768,2015,4418,NA,NA,NA,4418
Togo,768,2018,4418,NA,NA,NA,4418
Togo,768,2021,4418,NA,NA,NA,4418
Tokelau,772,2000,NA,NA,NA,NA,NA
Tokelau,772,2005,NA,NA,NA,NA,NA
Tokelau,772,2010,NA,NA,NA,NA,NA
Tokelau,772,2015,NA,NA,NA,NA,NA
Tokelau,772,2018,NA,NA,NA,NA,NA
Tokelau,772,2021,NA,NA,NA,NA,NA
Tonga,776,2000,20,NA,NA,NA,20
Tonga,776,2005,20,NA,NA,NA,20
Tonga,776,2010,20,NA,NA,NA,20
Tonga,776,2015,20,NA,NA,NA,20
Tonga,776,2018,20,NA,NA,NA,20
Tonga,776,2021,20,NA,NA,NA,20
Trinidad and Tobago,780,2000,260,NA,NA,NA,260
Trinidad and Tobago,780,2005,260,NA,NA,NA,260
Trinidad and Tobago,780,2010,260,NA,NA,NA,260
Trinidad and Tobago,780,2015,260,NA,NA,NA,260
Trinidad and Tobago,780,2018,260,NA,NA,NA,260
Trinidad and Tobago,780,2021,260,NA,NA,NA,260
Tunisia,788,2000,26405,NA,NA,1551,24854
Tunisia,788,2005,26405,NA,NA,1551,24854
Tunisia,788,2010,26405,NA,NA,1551,24854
Tunisia,788,2015,26405,NA,NA,1551,24854
Tunisia,788,2018,26405,NA,NA,1551,24854
Tunisia,788,2021,26405,NA,NA,1551,24854
Türkiye,792,2000,NA,NA,NA,NA,NA
Türkiye,792,2005,NA,NA,NA,NA,NA
Türkiye,792,2010,NA,NA,NA,NA,NA
Türkiye,792,2015,NA,NA,NA,NA,NA
Türkiye,792,2018,NA,NA,NA,NA,NA
Türkiye,792,2021,NA,NA,NA,NA,NA
Turkmenistan,795,2000,22223,NA,NA,6043,16179
Turkmenistan,795,2005,22223,NA,NA,6043,16179
Turkmenistan,795,2010,22223,NA,NA,6043,16179
Turkmenistan,795,2015,22223,NA,NA,6043,16179
Turkmenistan,795,2018,22223,NA,NA,6043,16179
Turkmenistan,795,2021,22223,NA,NA,6043,16179
Turks and Caicos Islands,796,2000,NA,NA,NA,NA,NA
Turks and Caicos Islands,796,2005,NA,NA,NA,NA,NA
Turks and Caicos Islands,796,2010,NA,NA,NA,NA,NA
Turks and Caicos Islands,796,2015,NA,NA,NA,NA,NA
Turks and Caicos Islands,796,2018,NA,NA,NA,NA,NA
Turks and Caicos Islands,796,2021,NA,NA,NA,NA,NA
Tuvalu,798,2000,NA,NA,NA,NA,NA
Tuvalu,798,2005,NA,NA,NA,NA,NA
Tuvalu,798,2010,NA,NA,NA,NA,NA
Tuvalu,798,2015,NA,NA,NA,NA,NA
Tuvalu,798,2018,NA,NA,NA,NA,NA
Tuvalu,798,2021,NA,NA,NA,NA,NA
Uganda,800,2000,49529,NA,109,1463,47957
Uganda,800,2005,49529,NA,109,1463,47957
Uganda,800,2010,49529,NA,109,1463,47957
Uganda,800,2015,49529,NA,109,1463,47957
Uganda,800,2018,49529,NA,109,1463,47957
Uganda,800,2021,49529,NA,109,1463,47957
Ukraine,804,2000,22548,NA,NA,22548,NA
Ukraine,804,2005,22548,NA,NA,22548,NA
Ukraine,804,2010,22548,NA,NA,22548,NA
Ukraine,804,2015,22548,NA,NA,22548,NA
Ukraine,804,2018,22548,NA,NA,22548,NA
Ukraine,804,2021,22548,NA,NA,22548,NA
United Arab Emirates,784,2000,2534,NA,NA,NA,2534
United Arab Emirates,784,2005,2534,NA,NA,NA,2534
United Arab Emirates,784,2010,2534,NA,NA,NA,2534
United Arab Emirates,784,2015,2534,NA,NA,NA,2534
United Arab Emirates,784,2018,2534,NA,NA,NA,2534
United Arab Emirates,784,2021,2534,NA,NA,NA,2534
United Kingdom of Great Britain and Northern Ireland,826,2000,28564,NA,729,27834,NA
United Kingdom of Great Britain and Northern Ireland,826,2005,28420,NA,730,27689,NA
United Kingdom of Great Britain and Northern Ireland,826,2010,28303,NA,729,27573,NA
United Kingdom of Great Britain and Northern Ireland,826,2015,28216,NA,731,27485,NA
United Kingdom of Great Britain and Northern Ireland,826,2018,28171,NA,731,27440,NA
United Kingdom of Great Britain and Northern Ireland,826,2021,28126,NA,731,27395,NA
United Republic of Tanzania,834,2000,228988,43,298,5483,223164
United Republic of Tanzania,834,2005,228988,43,298,5483,223164
United Republic of Tanzania,834,2010,228988,43,298,5483,223164
United Republic of Tanzania,834,2015,228988,43,298,5483,223164
United Republic of Tanzania,834,2018,228988,43,298,5483,223164
United Republic of Tanzania,834,2021,228988,43,298,5483,223164
United States Minor Outlying Islands,581,2000,NA,NA,NA,NA,NA
United States Minor Outlying Islands,581,2005,NA,NA,NA,NA,NA
United States Minor Outlying Islands,581,2010,NA,NA,NA,NA,NA
United States Minor Outlying Islands,581,2015,NA,NA,NA,NA,NA
United States Minor Outlying Islands,581,2018,NA,NA,NA,NA,NA
United States Minor Outlying Islands,581,2021,NA,NA,NA,NA,NA
United States of America,840,2000,2466532,44445,351775,1835134,235178
United States of America,840,2005,2466532,44445,351775,1835134,235178
United States of America,840,2010,2466532,44445,351775,1835134,235178
United States of America,840,2015,2466532,44445,351775,1835134,235178
United States of America,840,2018,2466532,44445,351775,1835134,235178
United States of America,840,2021,2466532,44445,351775,1835134,235178
United States Virgin Islands,850,2000,3,NA,NA,NA,3
United States Virgin Islands,850,2005,3,NA,NA,NA,3
United States Virgin Islands,850,2010,3,NA,NA,NA,3
United States Virgin Islands,850,2015,3,NA,NA,NA,3
United States Virgin Islands,850,2018,3,NA,NA,NA,3
United States Virgin Islands,850,2021,3,NA,NA,NA,3
Uruguay,858,2000,191,NA,NA,17,174
Uruguay,858,2005,191,NA,NA,17,174
Uruguay,858,2010,191,NA,NA,17,174
Uruguay,858,2015,191,NA,NA,17,174
Uruguay,858,2018,191,NA,NA,17,174
Uruguay,858,2021,191,NA,NA,17,174
Uzbekistan,860,2000,56625,790,2145,37903,15788
Uzbekistan,860,2005,56625,790,2145,37903,15788
Uzbekistan,860,2010,56625,790,2145,37903,15788
Uzbekistan,860,2015,56625,790,2145,37903,15788
Uzbekistan,860,2018,56625,790,2145,37903,15788
Uzbekistan,860,2021,56625,790,2145,37903,15788
Vanuatu,548,2000,4668,NA,NA,NA,4668
Vanuatu,548,2005,4668,NA,NA,NA,4668
Vanuatu,548,2010,4668,NA,NA,NA,4668
Vanuatu,548,2015,4668,NA,NA,NA,4668
Vanuatu,548,2018,4668,NA,NA,NA,4668
Vanuatu,548,2021,4668,NA,NA,NA,4668
Venezuela (Bolivarian Republic of),862,2000,251315,NA,886,8324,242104
Venezuela (Bolivarian Republic of),862,2005,251315,NA,886,8324,242104
Venezuela (Bolivarian Republic of),862,2010,251315,NA,886,8324,242104
Venezuela (Bolivarian Republic of),862,2015,251315,NA,886,8324,242104
Venezuela (Bolivarian Republic of),862,2018,251315,NA,886,8324,242104
Venezuela (Bolivarian Republic of),862,2021,251315,NA,886,8324,242104
Viet Nam,704,2000,140417,NA,NA,2255,138162
Viet Nam,704,2005,140417,NA,NA,2255,138162
Viet Nam,704,2010,140417,NA,NA,2255,138162
Viet Nam,704,2015,140417,NA,NA,2255,138162
Viet Nam,704,2018,140417,NA,NA,2255,138162
Viet Nam,704,2021,140417,NA,NA,2255,138162
Wallis and Futuna Islands,876,2000,7,NA,NA,NA,7
Wallis and Futuna Islands,876,2005,7,NA,NA,NA,7
Wallis and Futuna Islands,876,2010,7,NA,NA,NA,7
Wallis and Futuna Islands,876,2015,7,NA,NA,NA,7
Wallis and Futuna Islands,876,2018,7,NA,NA,NA,7
Wallis and Futuna Islands,876,2021,7,NA,NA,NA,7
Western Sahara,732,2000,941,NA,NA,NA,941
Western Sahara,732,2005,941,NA,NA,NA,941
Western Sahara,732,2010,941,NA,NA,NA,941
Western Sahara,732,2015,941,NA,NA,NA,941
Western Sahara,732,2018,941,NA,NA,NA,941
Western Sahara,732,2021,941,NA,NA,NA,941
Yemen,887,2000,174953,NA,NA,5009,169944
Yemen,887,2005,174953,NA,NA,5009,169944
Yemen,887,2010,174953,NA,NA,5009,169944
Yemen,887,2015,174953,NA,NA,5009,169944
Yemen,887,2018,174953,NA,NA,5009,169944
Yemen,887,2021,174953,NA,NA,5009,169944
Zambia,894,2000,70394,NA,NA,NA,70394
Zambia,894,2005,70394,NA,NA,NA,70394
Zambia,894,2010,70394,NA,NA,NA,70394
Zambia,894,2015,70394,NA,NA,NA,70394
Zambia,894,2018,70394,NA,NA,NA,70394
Zambia,894,2021,70394,NA,NA,NA,70394
Zimbabwe,716,2000,111947,NA,NA,955,110991
Zimbabwe,716,2005,111947,NA,NA,955,110991
Zimbabwe,716,2010,111947,NA,NA,955,110991
Zimbabwe,716,2015,111947,NA,NA,955,110991
Zimbabwe,716,2018,111947,NA,NA,955,110991
Zimbabwe,716,2021,111947,NA,NA,955,110991
World,001,2000,30442918,517504,5026230,13186966,11712218
World,001,2005,30456699,517512,5026261,13198972,11713955
World,001,2010,30460842,517442,5026250,13203452,11713696
World,001,2015,30459899,517410,5026236,13203182,11713071
World,001,2018,30458157,517410,5026234,13201848,11712665
World,001,2021,30456607,517409,5026237,13200797,11712163
Northern Africa,015,2000,780186,NA,18,135891,644276
Northern Africa,015,2005,780186,NA,18,135891,644277
Northern Africa,015,2010,780186,NA,18,135891,644276
Northern Africa,015,2015,780186,NA,18,135891,644276
Northern Africa,015,2018,780186,NA,18,135891,644276
Northern Africa,015,2021,780186,NA,18,135891,644276
Sub-Saharan Africa,202,2000,3261054,43,1547,217812,3041653
Sub-Saharan Africa,202,2005,3261054,43,1547,217812,3041653
Sub-Saharan Africa,202,2010,3261054,43,1547,217812,3041653
Sub-Saharan Africa,202,2015,3261013,43,1547,217812,3041612
Sub-Saharan Africa,202,2018,3260891,43,1546,217813,3041488
Sub-Saharan Africa,202,2021,3261053,43,1547,217813,3041650
Northern America,021,2000,4108958,186940,851241,2835600,235178
Northern America,021,2005,4108958,186940,851241,2835600,235178
Northern America,021,2010,4108958,186940,851241,2835600,235178
Northern America,021,2015,4108958,186940,851241,2835600,235178
Northern America,021,2018,4108958,186940,851241,2835600,235178
Northern America,021,2021,4108958,186940,851241,2835600,235178
Northern America and Europe,513,2000,9771684,373053,2884205,6201829,312596
Northern America and Europe,513,2005,9787116,373061,2884223,6214505,315328
Northern America and Europe,513,2010,9791107,372991,2884210,6218391,315515
Northern America and Europe,513,2015,9790252,372959,2884196,6217947,315150
Northern America and Europe,513,2018,9788921,372959,2884194,6216804,314964
Northern America and Europe,513,2021,9787590,372959,2884192,6215661,314779
Latin America and the Caribbean,419,2000,4571714,30184,481954,1318945,2740631
Latin America and the Caribbean,419,2005,4571715,30184,481954,1318945,2740631
Latin America and the Caribbean,419,2010,4571715,30184,481954,1318945,2740631
Latin America and the Caribbean,419,2015,4571714,30184,481954,1318945,2740631
Latin America and the Caribbean,419,2018,4571715,30184,481954,1318945,2740631
Latin America and the Caribbean,419,2021,4571715,30184,481954,1318945,2740631
Central Asia,143,2000,583195,33515,70095,378600,100985
Central Asia,143,2005,583195,33515,70095,378600,100985
Central Asia,143,2010,583195,33515,70095,378600,100985
Central Asia,143,2015,583195,33515,70095,378600,100985
Central Asia,143,2018,583195,33515,70095,378600,100985
Central Asia,143,2021,583195,33515,70095,378600,100985
Eastern Asia,030,2000,5905642,42601,1510725,3239984,1112331
Eastern Asia,030,2005,5905642,42601,1510725,3239984,1112331
Eastern Asia,030,2010,5905642,42602,1510725,3239984,1112331
Eastern Asia,030,2015,5905642,42601,1510725,3239984,1112331
Eastern Asia,030,2018,5905642,42601,1510725,3239984,1112331
Eastern Asia,030,2021,5905642,42601,1510725,3239984,1112331
Southern Asia,034,2000,2224375,35880,63155,810361,1314979
Southern Asia,034,2005,2224375,35880,63155,810361,1314979
Southern Asia,034,2010,2224375,35880,63155,810361,1314979
Southern Asia,034,2015,2224375,35880,63155,810361,1314979
Southern Asia,034,2018,2224375,35880,63155,810361,1314979
Southern Asia,034,2021,2224375,35880,63154,810361,1314979
South-eastern Asia,035,2000,1585749,NA,730,46245,1538774
South-eastern Asia,035,2005,1585749,NA,730,46245,1538774
South-eastern Asia,035,2010,1585749,NA,730,46245,1538774
South-eastern Asia,035,2015,1585749,NA,730,46245,1538774
South-eastern Asia,035,2018,1585749,NA,730,46245,1538774
South-eastern Asia,035,2021,1585749,NA,730,46245,1538774
Western Asia,145,2000,1152726,551,3472,544625,604077
Western Asia,145,2005,1151073,551,3484,543956,603082
Western Asia,145,2010,1151225,551,3487,544550,602637
Western Asia,145,2015,1151179,551,3488,544724,602417
Western Asia,145,2018,1150891,551,3488,544532,602320
Western Asia,145,2021,1150511,551,3493,544623,601845
Central Asia and Southern Asia,062,2000,2807570,69396,133250,1188961,1415964
Central Asia and Southern Asia,062,2005,2807570,69396,133250,1188961,1415964
Central Asia and Southern Asia,062,2010,2807570,69396,133250,1188961,1415964
Central Asia and Southern Asia,062,2015,2807570,69396,133250,1188961,1415964
Central Asia and Southern Asia,062,2018,2807570,69396,133250,1188961,1415964
Central Asia and Southern Asia,062,2021,2807570,69396,133250,1188961,1415964
Eastern Asia and South-eastern Asia,753,2000,7491391,42601,1511456,3286229,2651105
Eastern Asia and South-eastern Asia,753,2005,7491391,42601,1511456,3286229,2651105
Eastern Asia and South-eastern Asia,753,2010,7491391,42602,1511456,3286229,2651105
Eastern Asia and South-eastern Asia,753,2015,7491391,42601,1511456,3286229,2651105
Eastern Asia and South-eastern Asia,753,2018,7491391,42601,1511456,3286229,2651105
Eastern Asia and South-eastern Asia,753,2021,7491391,42601,1511456,3286229,2651105
Western Asia and Northern Africa,747,2000,1932912,551,3491,680517,1248353
Western Asia and Northern Africa,747,2005,1931259,551,3503,679847,1247359
Western Asia and Northern Africa,747,2010,1931411,551,3506,680442,1246913
Western Asia and Northern Africa,747,2015,1931365,551,3506,680615,1246694
Western Asia and Northern Africa,747,2018,1931077,551,3506,680423,1246597
Western Asia and Northern Africa,747,2021,1930697,551,3511,680514,1246122
Europe,150,2000,5662725,186113,2032964,3366229,77419
Europe,150,2005,5678158,186121,2032983,3378905,80150
Europe,150,2010,5682149,186052,2032969,3382791,80337
Europe,150,2015,5681293,186020,2032955,3382347,79972
Europe,150,2018,5679963,186019,2032953,3381204,79786
Europe,150,2021,5678632,186019,2032951,3380061,79601
Oceania,009,2000,606593,1676,10329,292672,301916
Oceania,009,2005,606593,1676,10329,292672,301916
Oceania,009,2010,606593,1676,10329,292672,301916
Oceania,009,2015,606593,1676,10329,292672,301916
Oceania,009,2018,606593,1676,10329,292672,301916
Oceania,009,2021,606590,1676,10329,292672,301913
Oceania excluding Australia and New Zealand,543,2000,233956,NA,NA,22030,211925
Oceania excluding Australia and New Zealand,543,2005,233956,NA,NA,22030,211925
Oceania excluding Australia and New Zealand,543,2010,233956,NA,NA,22030,211925
Oceania excluding Australia and New Zealand,543,2015,233956,NA,NA,22030,211925
Oceania excluding Australia and New Zealand,543,2018,233956,NA,NA,22030,211925
Oceania excluding Australia and New Zealand,543,2021,233952,NA,NA,22030,211922
Australia and New Zealand,053,2000,372638,1676,10329,270642,89991
Australia and New Zealand,053,2005,372638,1676,10329,270642,89991
Australia and New Zealand,053,2010,372638,1676,10329,270642,89991
Australia and New Zealand,053,2015,372638,1676,10329,270642,89991
Australia and New Zealand,053,2018,372638,1676,10329,270642,89991
Australia and New Zealand,053,2021,372638,1676,10329,270642,89991
"Europe, Northern America, Australia and New Zealand",777,2000,10144321,374729,2894534,6472471,402587
"Europe, Northern America, Australia and New Zealand",777,2005,10159754,374737,2894552,6485147,405318
"Europe, Northern America, Australia and New Zealand",777,2010,10163745,374667,2894539,6489033,405505
"Europe, Northern America, Australia and New Zealand",777,2015,10162889,374635,2894525,6488589,405140
"Europe, Northern America, Australia and New Zealand",777,2018,10161559,374635,2894523,6487446,404955
"Europe, Northern America, Australia and New Zealand",777,2021,10160228,374635,2894520,6486303,404770
Least Developed Countries (LDCs),199,2000,3582009,27224,37495,423163,3094126
Least Developed Countries (LDCs),199,2005,3582009,27224,37495,423163,3094126
Least Developed Countries (LDCs),199,2010,3582009,27224,37495,423163,3094126
Least Developed Countries (LDCs),199,2015,3582009,27224,37495,423163,3094126
Least Developed Countries (LDCs),199,2018,3582009,27224,37495,423163,3094126
Least Developed Countries (LDCs),199,2021,3582009,27224,37495,423163,3094126
Land Locked Developing Countries (LLDCs),432,2000,3441912,61089,176411,1607323,1597088
Land Locked Developing Countries (LLDCs),432,2005,3441685,61089,176413,1607095,1597088
Land Locked Developing Countries (LLDCs),432,2010,3441585,61089,176413,1606995,1597088
Land Locked Developing Countries (LLDCs),432,2015,3441502,61089,176413,1606911,1597088
Land Locked Developing Countries (LLDCs),432,2018,3441446,61089,176413,1606855,1597088
Land Locked Developing Countries (LLDCs),432,2021,3441390,61089,176413,1606799,1597088
Small Island Developing States (SIDS),722,2000,326596,NA,NA,23909,302687
Small Island Developing States (SIDS),722,2005,326596,NA,NA,23909,302687
Small Island Developing States (SIDS),722,2010,326596,NA,NA,23909,302687
Small Island Developing States (SIDS),722,2015,326596,NA,NA,23909,302687
Small Island Developing States (SIDS),722,2018,326596,NA,NA,23909,302687
Small Island Developing States (SIDS),722,2021,326593,NA,NA,23909,302683
